date,s1_vh,s1_vv,s2_ndmi,s2_ndvi,sm_surface,temp_max_c,temp_min_c,rain_mm,wind_kmh,et0_mm,rain_probability,temp_mean_c,temp_range_c,sm_surface_lag1,sm_surface_lag3,sm_surface_lag7,sm_change_1d,rain_3d_mm,rain_7d_mm,et0_3d_mm,et0_7d_mm,s1_vv_vh,doy_sin,doy_cos,target_next_day
2025-10-03,-15.809682714293245,-8.5509381360677,0.10539743778072085,0.4251527351550415,0.2096912120664803,31.9,24.2,0.1,10.4,4.26,,28.049999999999997,7.699999999999999,0.2290223140822983,0.24682765078759372,0.16646320079383692,-0.019331102015818002,3.3000000000000003,16.6,11.5,29.47,7.258744578225546,-0.9993706508539969,0.03547255575312556,0.19692877652408422
2025-10-04,-15.809682714293245,-8.5509381360677,0.10539743778072085,0.4251527351550415,0.19692877652408422,31.4,24.2,0.1,10.1,4.36,,27.799999999999997,7.199999999999999,0.2096912120664803,0.23729993857677117,0.1636819578091437,-0.012762435542396089,1.9,16.7,12.2,27.869999999999997,7.258744578225546,-0.9986126020839734,0.052658056924614005,0.18896206540393795
2025-10-05,-15.809682714293245,-8.5509381360677,0.09702045788220957,0.4118796849962003,0.18896206540393795,31.2,23.9,1.8,11.4,4.3,,27.549999999999997,7.300000000000001,0.19692877652408422,0.2290223140822983,0.24294259908245794,-0.00796671112014627,2.0,7.0,12.92,28.2,7.258744578225546,-0.9975590477788613,0.06982797572987089,0.18898960157578437
2025-10-06,-15.809682714293245,-8.5509381360677,0.09697223286434165,0.4117290599674125,0.18898960157578437,30.9,23.3,2.4,18.0,4.28,,27.1,7.599999999999998,0.18896206540393795,0.2096912120664803,0.2719169495870463,2.7536171846420654e-05,4.3,9.1,12.940000000000001,27.69,7.258744578225546,-0.9962102997023297,0.0869772313136861,0.2083941637926924
2025-10-07,-15.764970686135634,-8.510134327392946,0.09697223286434165,0.4117290599674125,0.2083941637926924,30.6,22.3,0.6,11.9,4.13,,26.450000000000003,8.3,0.18898960157578437,0.19692877652408422,0.24682765078759372,0.019404562216908033,4.8,8.2,12.71,28.57,7.254836358742688,-0.9945667569706337,0.1041007489354256,0.19074035658997313
2025-10-08,-15.764970686135634,-8.510134327392946,0.09077201726136752,0.4536848815419256,0.19074035658997313,31.5,21.8,0.0,7.7,4.44,,26.65,9.7,0.2083941637926924,0.18896206540393795,0.23729993857677117,-0.01765380720271928,3.0,6.7,12.850000000000001,29.35,7.254836358742688,-0.9926289059345095,0.121193461470736,0.1794843059237801
2025-10-09,-15.764970686135634,-8.510134327392946,0.09077201726136752,0.4536848815419256,0.1794843059237801,31.8,21.3,0.0,12.1,4.43,,26.55,10.5,0.19074035658997313,0.18898960157578437,0.2290223140822983,-0.011256050666193035,0.6,5.0,13.0,30.200000000000003,7.254836358742688,-0.9903973200352558,0.1382503109109819,0.1648217821199682
2025-10-10,-16.067867862422858,-9.107758206917927,0.09077201726136752,0.4536848815419256,0.1648217821199682,31.6,20.1,0.0,10.0,4.59,,25.85,11.5,0.1794843059237801,0.2083941637926924,0.2096912120664803,-0.014662523803811889,0.0,4.9,13.46,30.53,6.960109655504931,-0.9878726596350429,0.15526624985999563,0.157321301302638
2025-10-11,-16.067867862422858,-9.107758206917927,0.09067439603573348,0.4542966315362947,0.157321301302638,31.6,18.8,0.0,9.1,4.55,,25.200000000000003,12.8,0.1648217821199682,0.19074035658997313,0.19692877652408422,-0.007500480817330207,0.0,4.8,13.569999999999999,30.72,6.960109655504931,-0.9850556718215013,0.172236243027682,0.15092956046355804
2025-10-12,-16.067867862422858,-9.107758206917927,0.09067439603573348,0.4542966315362947,0.15092956046355804,31.9,18.7,0.0,9.3,4.59,,25.299999999999997,13.2,0.157321301302638,0.1794843059237801,0.18896206540393795,-0.006391740839079951,0.0,3.0,13.73,31.009999999999998,6.960109655504931,-0.981947190186646,0.18915526872004093,0.14127004026812073
2025-10-13,-15.750711404438087,-8.581700751125132,0.08790159817987094,0.4925825600132994,0.14127004026812073,32.1,18.4,0.0,8.3,4.51,,25.25,13.700000000000003,0.15092956046355804,0.1648217821199682,0.18898960157578437,-0.00965952019543731,0.0,0.6,13.65,31.24,7.169010653312956,-0.9785481345802031,0.20601832032517084,0.14109065362950027
2025-10-14,-15.750711404438087,-8.581700751125132,0.08790159817987094,0.4925825600132994,0.14109065362950027,32.1,18.9,0.0,9.9,4.62,,25.5,13.200000000000003,0.14127004026812073,0.157321301302638,0.2083941637926924,-0.00017938663862046567,0.0,0.0,13.719999999999999,31.73,7.169010653312956,-0.9748595108374125,0.22282040779479959,0.14084015163271002
2025-10-15,-15.937192550538313,-8.635277618907583,0.08790159817987094,0.4925825600132994,0.14084015163271002,32.5,19.2,0.0,9.7,4.69,,25.85,13.3,0.14109065362950027,0.15092956046355804,0.19074035658997313,-0.00025050199679024776,0.0,0.0,13.82,31.979999999999997,7.30191493163073,-0.9708824104813836,0.23955655912092708,0.13642034600669062
2025-10-16,-15.937192550538313,-8.635277618907583,0.08768601820846679,0.49265839474975004,0.13642034600669062,33.0,19.6,0.0,10.3,4.62,,26.3,13.399999999999999,0.14084015163271002,0.14127004026812073,0.1794843059237801,-0.004419805626019402,0.0,0.0,13.93,32.17,7.30191493163073,-0.9666180104000972,0.2562218218071163,0.1315883045106622
2025-10-17,-15.937192550538313,-8.635277618907583,0.08768601820846679,0.49265839474975004,0.1315883045106622,32.9,19.4,0.0,9.0,4.59,,26.15,13.5,0.13642034600669062,0.14109065362950027,0.1648217821199682,-0.004832041496028422,0.0,0.0,13.899999999999999,32.17,7.30191493163073,-0.9620675724981452,0.27281126433401914,0.1369226102339364
2025-10-18,-16.045567126428107,-8.930789659330655,0.08048014762741945,0.5093475876262281,0.1369226102339364,33.7,19.6,0.0,11.5,4.7,,26.650000000000002,14.100000000000001,0.1315883045106622,0.14084015163271002,0.157321301302638,0.005334305723274202,0.0,0.0,13.91,32.32,7.114777467097452,-0.957232443323312,0.28931997761869527,0.13133999766671492
2025-10-19,-16.03029948616842,-8.875370091767484,0.08048014762741945,0.5093475876262281,0.13133999766671492,33.3,19.8,0.0,12.0,4.88,,26.549999999999997,13.499999999999996,0.1369226102339364,0.13642034600669062,0.15092956046355804,-0.005582612567221479,0.0,0.0,14.169999999999998,32.61,7.154929394400936,-0.9521140536681102,0.3057430764672831,0.12952780143631504
2025-10-20,-16.03029948616842,-8.875370091767484,0.07308637184450378,0.5117361975768693,0.12952780143631504,33.1,19.5,0.0,11.4,4.48,,26.3,13.600000000000001,0.13133999766671492,0.1315883045106622,0.14127004026812073,-0.0018121962303998818,0.0,0.0,14.059999999999999,32.58,7.154929394400936,-0.9467139181463862,0.3220757010206104,0.1341927719176093
2025-10-21,-16.03029948616842,-8.875370091767484,0.07303848063281622,0.5117478230047212,0.1341927719176093,32.6,21.9,0.0,12.2,4.42,,27.25,10.700000000000003,0.12952780143631504,0.1369226102339364,0.14109065362950027,0.004664970481294273,0.0,0.0,13.780000000000001,32.38,7.154929394400936,-0.9410336347451197,0.3383130181923076,0.13492463559419654
2025-10-22,-16.22977047742428,-9.279279367028327,0.07303848063281622,0.5117478230047212,0.13492463559419654,33.9,22.7,0.0,11.1,4.81,,28.299999999999997,11.2,0.1341927719176093,0.13133999766671492,0.14084015163271002,0.00073186367658723,0.0,0.0,13.71,32.5,6.950491110395955,-0.9350748843515574,0.3544502230989869,0.13354079354538562
2025-10-23,-16.22977047742428,-9.279279367028327,0.0654843048698921,0.5078358505517437,0.13354079354538562,33.8,22.7,0.0,14.4,5.33,,28.25,11.099999999999998,0.13492463559419654,0.12952780143631504,0.13642034600669062,-0.0013838420488109238,0.0,0.0,14.56,33.21,6.950491110395955,-0.9288394302558068,0.3704825404820963,0.1242919689438714
2025-10-24,-16.22977047742428,-9.279279367028327,0.0654843048698921,0.5078358505517437,0.1242919689438714,32.9,24.3,0.0,15.4,5.24,,28.6,8.599999999999998,0.13354079354538562,0.1341927719176093,0.1315883045106622,-0.009248824601514216,0.0,0.0,15.38,33.86,6.950491110395955,-0.9223291176290545,0.3864052261209853,0.11916473228235498
2025-10-25,-16.2476363396446,-9.041920820477365,0.0654843048698921,0.5078358505517437,0.11916473228235498,33.0,23.9,0.0,16.7,5.23,,28.45,9.100000000000001,0.1242919689438714,0.13492463559419654,0.1369226102339364,-0.005127236661516418,0.0,0.0,15.8,34.39,7.205715519167235,-0.9155458729775467,0.40221356823680365,0.13284032351661762
2025-10-26,-16.2476363396446,-9.041920820477365,0.0654843048698921,0.5078358505517437,0.13284032351661762,30.6,23.3,0.1,17.6,3.87,,26.950000000000003,7.300000000000001,0.11916473228235498,0.13354079354538562,0.13133999766671492,0.013675591234262638,0.1,0.1,14.34,33.38,7.205715519167235,-0.9084917035725082,0.41790288888678667,0.21970512636472692
2025-10-27,-15.976705603873796,-8.596727179976014,0.0654843048698921,0.5078358505517437,0.21970512636472692,25.5,23.0,38.7,19.0,1.26,,24.25,2.5,0.13284032351661762,0.1242919689438714,0.12952780143631504,0.0868648028481093,38.800000000000004,38.800000000000004,10.360000000000001,30.16,7.379978423897782,-0.9011686968561569,0.4334685453485363,0.25061636120095687
2025-10-28,-15.976705603873796,-8.596727179976014,0.060583737671923675,0.5157024491208505,0.25061636120095687,25.6,22.2,5.3,17.7,1.51,,23.9,3.400000000000002,0.21970512636472692,0.11916473228235498,0.1341927719176093,0.030911234836229956,44.1,44.1,6.640000000000001,27.25,7.379978423897782,-0.8935790198239952,0.4489059314938798,0.23339306754510408
2025-10-29,-15.976705603873796,-8.596727179976014,0.060583737671923675,0.5157024491208505,0.23339306754510408,28.5,22.3,0.8,17.2,3.35,,25.4,6.199999999999999,0.25061636120095687,0.13284032351661762,0.13492463559419654,-0.01722329365585279,44.800000000000004,44.900000000000006,6.12,25.79,7.379978423897782,-0.8857249183835637,0.4642104791518923,0.266298422062797
2025-10-30,-15.638187103377922,-8.34153964738418,0.060583737671923675,0.5157024491208505,0.266298422062797,26.4,23.0,15.4,16.1,1.47,,24.7,3.3999999999999986,0.23339306754510408,0.21970512636472692,0.13354079354538562,0.03290535451769294,21.5,60.300000000000004,6.33,21.93,7.296647455993742,-0.8776087166898392,0.4793776594606945,0.2340776190201528
2025-10-31,-15.522718816760174,-8.201929940740992,0.06054346818165754,0.5157219173736437,0.2340776190201528,28.6,23.2,3.8,16.7,3.11,,25.9,5.400000000000002,0.266298422062797,0.25061636120095687,0.1242919689438714,-0.032220803042644214,20.0,64.10000000000001,7.930000000000001,19.799999999999997,7.320788876019181,-0.8692328164574792,0.49440298420761813,0.2199388485810054
2025-11-01,-15.522718816760174,-8.201929940740992,0.06054346818165754,0.5157219173736437,0.2199388485810054,29.6,23.0,0.6,13.4,3.13,,26.3,6.600000000000001,0.2340776190201528,0.23339306754510408,0.11916473228235498,-0.014138770439147408,19.799999999999997,64.7,7.71,17.7,7.320788876019181,-0.8605996962501181,0.5092820071573356,0.21026978821467973
2025-11-02,-15.522718816760174,-8.201929940740992,0.054698673616335174,0.5148426727512078,0.21026978821467973,30.8,23.1,0.5,9.6,3.35,,26.950000000000003,7.699999999999999,0.2199388485810054,0.266298422062797,0.13284032351661762,-0.009669060366325671,4.8999999999999995,65.10000000000001,9.59,17.18,7.320788876019181,-0.8517119107469189,0.5240103253675756,0.21601912089884676
2025-11-03,-15.308128121659076,-8.177357141161641,0.054698673616335174,0.5148426727512078,0.21601912089884676,30.6,23.0,4.6,14.6,3.4,,26.8,7.600000000000001,0.21026978821467973,0.2340776190201528,0.21970512636472692,0.0057493326841670245,5.699999999999999,31.0,9.879999999999999,19.32,7.130770980497434,-0.8425720899866032,0.5385835804920232,0.20474154736740122
2025-11-04,-15.308128121659076,-8.177357141161641,0.054698673616335174,0.5148426727512078,0.20474154736740122,29.8,22.0,0.1,14.7,3.64,,25.9,7.800000000000001,0.21601912089884676,0.2199388485810054,0.25061636120095687,-0.01127757353144554,5.199999999999999,25.799999999999997,10.39,21.450000000000003,7.130770980497434,-0.8331829385891785,0.5529974600700271,0.19270283658705314
2025-11-05,-15.308128121659076,-8.177357141161641,0.05477190156181769,0.5149946070320357,0.19270283658705314,30.8,19.4,0.0,6.9,3.63,,25.1,11.400000000000002,0.20474154736740122,0.21026978821467973,0.23339306754510408,-0.012038710780348072,4.699999999999999,24.999999999999996,10.67,21.73,7.130770980497434,-0.8235472349556007,0.5672476988027229,0.18050036386376644
2025-11-06,-14.896192163102036,-7.422644169672631,0.05477190156181769,0.5149946070320357,0.18050036386376644,30.2,19.2,0.0,8.5,3.72,,24.7,11.0,0.19270283658705314,0.21601912089884676,0.266298422062797,-0.0122024727232867,0.1,9.6,10.99,23.98,7.473547993429405,-0.8136678304455991,0.5813300798152042,0.16458865598111092
2025-11-07,-14.896192163102036,-7.422644169672631,0.050535073364782676,0.5125082117530908,0.16458865598111092,29.4,16.4,0.0,10.8,3.88,,22.9,13.0,0.18050036386376644,0.20474154736740122,0.2340776190201528,-0.01591170788265553,0.0,5.799999999999999,11.23,24.75,7.473547993429405,-0.8035476485339116,0.5952404359043674,0.15278270117931883
2025-11-08,-15.168912117872416,-7.576522546510115,0.050535073364782676,0.5125082117530908,0.15278270117931883,28.7,14.8,0.0,10.4,3.76,,21.75,13.899999999999999,0.16458865598111092,0.19270283658705314,0.2199388485810054,-0.011805954801792085,0.0,5.199999999999999,11.36,25.38,7.592389571362301,-0.7931896839451843,0.6089746507720486,0.1427370364047932
2025-11-09,-15.168912117872416,-7.576522546510115,0.0505194534515317,0.5135440425295578,0.1427370364047932,28.5,14.2,0.0,10.2,3.44,,21.35,14.3,0.15278270117931883,0.18050036386376644,0.21026978821467973,-0.01004566477452562,0.0,4.699999999999999,11.08,25.470000000000002,7.592389571362301,-0.7825970017677834,0.6225286602431057,0.13564744666491624
2025-11-10,-15.168912117872416,-7.576522546510115,0.050879625036010345,0.513803410828615,0.13564744666491624,28.3,13.5,0.0,5.6,3.35,,20.9,14.8,0.1427370364047932,0.16458865598111092,0.21601912089884676,-0.0070895897398769725,0.0,0.1,10.55,25.419999999999998,7.592389571362301,-0.7717727365467836,0.6358984534680745,0.13042755587365523
2025-11-11,-15.367976617529594,-7.89630098223716,0.050879625036010345,0.513803410828615,0.13042755587365523,28.4,14.5,0.0,7.3,3.39,,21.45,13.899999999999999,0.13564744666491624,0.15278270117931883,0.20474154736740122,-0.005219890791261006,0.0,0.0,10.18,25.169999999999998,7.471675635292434,-0.7607200913564104,0.6490800741100398,0.12453232891286094
2025-11-12,-15.422112528180879,-8.03526119826151,0.05788307947873596,0.5168221222461126,0.12453232891286094,28.7,15.7,0.0,6.8,3.4,,22.2,13.0,0.13042755587365523,0.1427370364047932,0.19270283658705314,-0.005895226960794295,0.0,0.0,10.14,24.939999999999998,7.386851329919368,-0.7494423368521954,0.6620696215153815,0.12008927069146436
2025-11-13,-15.422112528180879,-8.03526119826151,0.05788307947873596,0.5168221222461126,0.12008927069146436,28.9,15.3,0.0,6.8,3.44,,22.1,13.599999999999998,0.12453232891286094,0.13564744666491624,0.18050036386376644,-0.004443058221396581,0.0,0.0,10.23,24.66,7.386851329919368,-0.7379428103031386,0.6748632518680403,0.11852336872199803
2025-11-14,-15.422112528180879,-8.03526119826151,0.05952547417490647,0.5154326011240631,0.11852336872199803,28.6,15.6,0.0,12.5,3.74,,22.1,13.000000000000002,0.12008927069146436,0.13042755587365523,0.16458865598111092,-0.0015659019694663212,0.0,0.0,10.58,24.520000000000003,7.386851329919368,-0.7262249146041543,0.6874571793269664,0.1189412095945424
2025-11-15,-15.983760599930529,-8.523471138174035,0.05969708666032819,0.5157742021928197,0.1189412095945424,28.3,15.5,0.0,14.2,4.24,,21.9,12.8,0.11852336872199803,0.12453232891286094,0.15278270117931883,0.00041784087254435887,0.0,0.0,11.420000000000002,25.0,7.460289461756494,-0.7142921172691032,0.699847677146407,0.11445535417035184
2025-11-16,-15.983760599930529,-8.523471138174035,0.05969708666032819,0.5157742021928197,0.11445535417035184,27.9,15.4,0.0,13.6,4.36,,21.65,12.499999999999998,0.1189412095945424,0.12008927069146436,0.1427370364047932,-0.004485855424190555,0.0,0.0,12.340000000000002,25.919999999999998,7.460289461756494,-0.7021479494046978,0.7120310787787131,0.11127704744921646
2025-11-17,-15.983760599930529,-8.523471138174035,0.06291639586145027,0.5161118614022288,0.11127704744921646,27.3,14.4,0.0,12.9,3.89,,20.85,12.9,0.11445535417035184,0.11852336872199803,0.13564744666491624,-0.0031783067211353794,0.0,0.0,12.490000000000002,26.46,7.460289461756494,-0.6897960046655887,0.7240037789593305,0.10937072798030087
2025-11-18,-16.493502970014134,-8.820728960976957,0.06291639586145027,0.5161118614022288,0.10937072798030087,27.2,13.8,0.0,12.5,3.73,,20.5,13.399999999999999,0.11127704744921646,0.1189412095945424,0.13042755587365523,-0.0019063194689155905,0.0,0.0,11.98,26.8,7.672774009037177,-0.6772399381909491,0.7357622347736527,0.11323637882488904
2025-11-19,-16.493502970014134,-8.820728960976957,0.06291639586145027,0.5161118614022288,0.11323637882488904,27.2,13.4,0.0,13.1,3.63,,20.3,13.799999999999999,0.10937072798030087,0.11445535417035184,0.12453232891286094,0.0038656508445881754,0.0,0.0,11.25,27.029999999999998,7.672774009037177,-0.6644834655228552,0.7473029667054296,0.1130066769870333
2025-11-20,-16.476549562441246,-8.573465064669683,0.06292939632702653,0.5161579628073555,0.1130066769870333,27.4,14.1,0.0,12.5,3.62,,20.75,13.299999999999999,0.11323637882488904,0.11127704744921646,0.12008927069146436,-0.00022970183785574194,0.0,0.0,10.98,27.21,7.903084497771562,-0.6515303615068021,0.75862255966641,0.11437854117333243
2025-11-21,-16.476549562441246,-8.573465064669683,0.06292939632702653,0.5161579628073555,0.11437854117333243,28.2,14.4,0.0,13.7,3.59,,21.3,13.799999999999999,0.1130066769870333,0.10937072798030087,0.11852336872199803,0.0013718641862991293,0.0,0.0,10.84,27.06,7.903084497771562,-0.6383844591746642,0.7697176640069211,0.11213570575463137
2025-11-22,-16.476549562441246,-8.573465064669683,0.05992497223272947,0.5144114073262315,0.11213570575463137,28.9,14.3,0.0,12.6,3.5,,21.6,14.599999999999998,0.11437854117333243,0.11323637882488904,0.1189412095945424,-0.0022428354187010585,0.0,0.0,10.71,26.32,7.903084497771562,-0.6250496486104377,0.7805849965070866,0.1127676619794786
2025-11-23,-16.688100250248947,-9.002898634281353,0.05992497223272947,0.5144114073262315,0.1127676619794786,28.7,14.0,0.0,10.4,3.41,,21.35,14.7,0.11213570575463137,0.1130066769870333,0.11445535417035184,0.0006319562248472271,0.0,0.0,10.5,25.37,7.685201615967594,-0.6115298757991053,0.7912213413483807,0.11302279828164784
2025-11-24,-16.65779633644237,-8.89174819040358,0.05992497223272947,0.5144114073262315,0.11302279828164784,28.7,15.0,0.0,12.3,3.47,,21.85,13.7,0.1127676619794786,0.11437854117333243,0.11127704744921646,0.0002551363021692371,0.0,0.0,10.38,24.95,7.76604814603879,-0.5978291414589552,0.801623551065242,0.1119396094511927
2025-11-25,-16.65779633644237,-8.89174819040358,0.06005094514430192,0.5144077273131622,0.1119396094511927,28.6,17.4,0.0,14.1,3.52,,23.0,11.200000000000003,0.11302279828164784,0.11213570575463137,0.10937072798030087,-0.001083188830455134,0.0,0.0,10.400000000000002,24.740000000000002,7.76604814603879,-0.5839514998576998,0.8117885474764613,0.11329656562822403
2025-11-26,-16.65779633644237,-8.89174819040358,0.06005094514430192,0.5144077273131622,0.11329656562822403,28.8,18.4,0.0,13.0,3.37,,23.6,10.400000000000002,0.1119396094511927,0.1127676619794786,0.11323637882488904,0.0013569561770313265,0.0,0.0,10.360000000000001,24.48,7.76604814603879,-0.5699010576127624,0.8217133225960589,0.11510515463749843
2025-11-27,-16.83676170002723,-9.411002566876611,0.05926520805604963,0.5036158813151654,0.11510515463749843,28.4,18.6,0.2,13.2,2.86,,23.5,9.799999999999997,0.11329656562822403,0.11302279828164784,0.1130066769870333,0.0018085890092744,0.2,0.2,9.75,23.72,7.425759133150617,-0.5556819724760489,0.8313949395234058,0.11331282760923973
2025-11-28,-16.83676170002723,-9.411002566876611,0.05926520805604963,0.5036158813151654,0.11331282760923973,29.4,20.0,0.0,11.0,3.23,,24.7,9.399999999999999,0.11510515463749843,0.1119396094511927,0.11437854117333243,-0.0017923270282586973,0.2,0.2,9.46,23.36,7.425759133150617,-0.5412984521036173,0.8408305333122887,0.1104290416237624
2025-11-29,-16.83676170002723,-9.411002566876613,0.05816186589770454,0.49905685114527787,0.1104290416237624,29.1,19.5,0.0,13.0,3.28,,24.3,9.600000000000001,0.11331282760923973,0.11329656562822403,0.11213570575463137,-0.0028837859854773384,0.2,0.2,9.370000000000001,23.14,7.425759133150615,-0.5267547528105542,0.8500173118187018,0.11116885565612898
2025-11-30,-16.668481696926115,-8.892622903414672,0.058197310914320594,0.4991196111961129,0.11116885565612898,28.4,18.3,0.0,9.2,2.9,,23.35,10.099999999999998,0.1104290416237624,0.11510515463749843,0.1127676619794786,0.0007398140323665869,0.0,0.2,9.41,22.63,7.775858793511443,-0.5120551783114646,0.8589525565270845,0.11300743903179727
2025-12-01,-16.668481696926115,-8.892622903414672,0.058197310914320594,0.4991196111961129,0.11300743903179727,28.1,15.9,0.0,8.3,2.99,,22.0,12.200000000000001,0.11116885565612898,0.11331282760923973,0.11302279828164784,0.0018385833756682929,0.0,0.2,9.170000000000002,22.150000000000002,7.775858793511443,-0.4972040784469378,0.8676336233547726,0.10914898931384263
2025-12-02,-16.668481696926115,-8.892622903414672,0.05494411754793202,0.492303879086622,0.10914898931384263,27.5,15.3,0.0,7.6,3.08,,21.4,12.2,0.11300743903179727,0.1104290416237624,0.1119396094511927,-0.00385844971795464,0.0,0.2,8.970000000000002,21.71,7.775858793511443,-0.4822058478963526,0.8760579434344281,0.10084720606215343
2025-12-03,-16.668481696926115,-8.892622903414672,0.05494411754793202,0.492303879086622,0.10084720606215343,27.5,15.1,0.0,11.8,3.34,,21.3,12.4,0.10914898931384263,0.11116885565612898,0.11329656562822403,-0.008301783251689204,0.0,0.2,9.41,21.68,7.775858793511443,-0.46706492487743034,0.8842230238742036,0.09757700772727587
2025-12-04,-16.668481696926115,-8.892622903414672,0.05425979478572235,0.4869755839051959,0.09757700772727587,26.7,15.9,0.0,13.8,3.54,,21.3,10.799999999999999,0.10084720606215343,0.11300743903179727,0.11510515463749843,-0.003270198334877558,0.0,0.0,9.96,22.36,7.775858793511443,-0.451785789832884,0.8921264484954345,0.10405929508739493
2025-12-05,-16.832240113984017,-9.408820525659532,0.05436406429060281,0.4871695424635365,0.10405929508739493,26.7,15.6,0.0,15.0,3.5,,21.15,11.1,0.09757700772727587,0.10914898931384263,0.11331282760923973,0.006482287360119063,0.0,0.0,10.38,22.630000000000003,7.423419588324485,-0.4363729641045924,0.8997658785476209,0.09941877012918056
2025-12-06,-16.78767682577403,-9.258507148309194,0.05436406429060281,0.4871695424635365,0.09941877012918056,25.9,15.2,0.0,14.5,3.49,,20.549999999999997,10.7,0.10405929508739493,0.10084720606215343,0.1104290416237624,-0.004640524958214376,0.0,0.0,10.530000000000001,22.84,7.529169677464838,-0.42083100859565564,0.9071390534005044,0.0961389731655236
2025-12-07,-16.78767682577403,-9.258507148309194,0.05744417457742287,0.4894775658223484,0.0961389731655236,27.3,14.6,0.0,14.4,3.7,,20.95,12.700000000000001,0.09941877012918056,0.09757700772727587,0.11116885565612898,-0.0032797969636569613,0.0,0.0,10.690000000000001,23.64,7.529169677464838,-0.4051645224207563,0.9142437912130223,0.09782513271083247
2025-12-08,-16.78767682577403,-9.258507148309194,0.05744417457742287,0.4894775658223484,0.09782513271083247,28.4,14.5,0.0,12.8,3.47,,21.45,13.899999999999999,0.0961389731655236,0.10405929508739493,0.11300743903179727,0.001686159545308874,0.0,0.0,10.660000000000002,24.12,7.529169677464838,-0.3893781415452015,0.9210779895789526,0.09957097449005212
2025-12-09,-16.833454601119477,-9.444239200405967,0.05744417457742287,0.4894775658223484,0.09957097449005212,28.2,13.9,0.0,12.4,3.48,,21.05,14.299999999999999,0.09782513271083247,0.09941877012918056,0.10914898931384263,0.0017458417792196451,0.0,0.0,10.650000000000002,24.520000000000003,7.3892154007135105,-0.37347653741307074,0.9276396261490467,0.10024698385416628
2025-12-10,-16.833454601119477,-9.444239200405967,0.05762937270061975,0.48966546619952017,0.10024698385416628,27.9,13.6,0.0,11.9,3.41,,20.75,14.299999999999999,0.09957097449005212,0.0961389731655236,0.10084720606215343,0.0006760093641141607,0.0,0.0,10.360000000000001,24.590000000000003,7.3892154007135105,-0.3574644155648614,0.9339267592294762,0.09657111846107454
2025-12-11,-16.833454601119477,-9.444239200405967,0.05762937270061975,0.48966546619952017,0.09657111846107454,27.5,12.5,0.0,10.8,3.19,,20.0,15.0,0.10024698385416628,0.09782513271083247,0.09757700772727587,-0.00367586539309174,0.0,0.0,10.08,24.240000000000002,7.3892154007135105,-0.34134651424503615,0.9399375283564133,0.09458645493143163
2025-12-12,-16.98765181409233,-8.396251049561334,0.061110979322564186,0.4985716141879082,0.09458645493143163,27.3,11.6,0.0,9.1,3.05,,19.45,15.700000000000001,0.09657111846107454,0.09957097449005212,0.10405929508739493,-0.0019846635296429105,0.0,0.0,9.65,23.790000000000003,8.591400764530997,-0.3251276029999093,0.9456701548465688,0.0967058215799526
2025-12-13,-16.98765181409233,-8.396251049561334,0.061110979322564186,0.4985716141879082,0.0967058215799526,27.8,12.3,0.0,10.4,3.05,,20.05,15.5,0.09458645493143163,0.10024698385416628,0.09941877012918056,0.0021193666485209706,0.0,0.0,9.290000000000001,23.35,8.591400764530997,-0.30881248126625377,0.9511229423235357,0.09525062076841077
2025-12-14,-16.349535320039468,-8.296395883316373,0.061110979322564186,0.4985716141879082,0.09525062076841077,27.7,14.2,0.0,12.5,3.21,,20.95,13.5,0.0967058215799526,0.09657111846107454,0.0961389731655236,-0.0014552008115418236,0.0,0.0,9.31,22.86,8.053139436723095,-0.29240597695107734,0.9562942772197719,0.09415826119654347
2025-12-15,-16.349535320039468,-8.296395883316373,0.06118167049616447,0.4988075360326877,0.09415826119654347,27.7,14.8,0.0,12.8,3.21,,21.25,12.899999999999999,0.09525062076841077,0.09458645493143163,0.09782513271083247,-0.0010923595718673046,0.0,0.0,9.47,22.599999999999998,8.053139436723095,-0.27591294500296043,0.9611826292540837,0.09945247460742591
2025-12-16,-16.349535320039468,-8.296395883316373,0.06118167049616447,0.4988075360326877,0.09945247460742591,26.2,14.8,0.0,13.7,3.65,,20.5,11.399999999999999,0.09415826119654347,0.0967058215799526,0.09957097449005212,0.005294213410882445,0.0,0.0,10.07,22.769999999999996,8.053139436723095,-0.2593382659754056,0.9657865518844574,0.10091781990104273
2025-12-17,-16.349535320039468,-8.296395883316373,0.07273746025696701,0.5082211200729356,0.10091781990104273,27.4,14.0,0.0,13.7,3.41,,20.7,13.399999999999999,0.09945247460742591,0.09525062076841077,0.10024698385416628,0.0014653452936168182,0.0,0.0,10.27,22.770000000000003,8.053139436723095,-0.2426868445825954,0.9701046827361175,0.09815811883098806
2025-12-18,-16.329162508633317,-8.31808465750921,0.07273746025696701,0.5082211200729356,0.09815811883098806,27.9,13.6,0.0,11.8,3.31,,20.75,14.299999999999999,0.10091781990104273,0.09415826119654347,0.09657111846107454,-0.0027597010700546737,0.0,0.0,10.370000000000001,22.89,8.011077851124107,-0.22596360824801906,0.974135744004672,0.09375564212933232
2025-12-19,-16.329162508633317,-8.31808465750921,0.07780614467415882,0.5159537213209489,0.09375564212933232,28.1,13.6,0.0,10.7,3.15,,20.85,14.500000000000002,0.09815811883098806,0.09945247460742591,0.09458645493143163,-0.004402476701655736,0.0,0.0,9.870000000000001,22.99,8.011077851124107,-0.20917350564635637,0.9778785428342386,0.09188955685021108
2025-12-20,-16.329162508633317,-8.31808465750921,0.07804248523596323,0.5160635812712296,0.09188955685021108,28.4,13.4,0.0,9.8,2.84,,20.9,14.999999999999998,0.09375564212933232,0.10091781990104273,0.0967058215799526,-0.0018660852791212434,0.0,0.0,9.3,22.779999999999998,8.011077851124107,-0.19232150523909483,0.9813319716704275,0.09964366663311139
2025-12-21,-16.420520811650483,-8.864673753929727,0.07804248523596323,0.5160635812712296,0.09964366663311139,28.0,15.5,0.0,11.9,3.03,,21.75,12.5,0.09188955685021108,0.09815811883098806,0.09525062076841077,0.007754109782900309,0.0,0.0,9.02,22.6,7.555847057720756,-0.17541259380427843,0.9844950085880858,0.09650168011628153
2025-12-22,-16.420520811650483,-8.864673753929727,0.08500066938338378,0.526179049294219,0.09650168011628153,28.1,15.9,0.0,12.3,3.29,,22.0,12.200000000000001,0.09964366663311139,0.09375564212933232,0.09415826119654347,-0.003141986516829856,0.0,0.0,9.16,22.68,7.555847057720756,-0.15845177496083632,0.9873667175937016,0.0938210832394787
2025-12-23,-16.420520811650483,-8.864673753929727,0.08500066938338378,0.526179049294219,0.0938210832394787,28.4,14.4,0.0,10.2,3.2,,21.4,13.999999999999998,0.09650168011628153,0.09188955685021108,0.09945247460742591,-0.002680596876802832,0.0,0.0,9.520000000000001,22.23,7.555847057720756,-0.14144406768794202,0.9899462489023779,0.09690890819023099
2025-12-24,-16.420520811650483,-8.864673753929727,0.08928472075371587,0.5327746101939818,0.09690890819023099,27.5,15.5,0.0,11.6,3.36,,21.5,12.0,0.0938210832394787,0.09964366663311139,0.10091781990104273,0.0030878249507522854,0.0,0.0,9.850000000000001,22.18,7.555847057720756,-0.12439450483979998,0.9922328391893008,0.0992693419440199
2025-12-25,-16.420520811650483,-8.864673753929727,0.08930053633669437,0.532822795413596,0.0992693419440199,26.8,13.5,0.0,12.1,3.14,,20.15,13.3,0.09690890819023099,0.09650168011628153,0.09815811883098806,0.0023604337537889153,0.0,0.0,9.700000000000001,22.009999999999998,7.555847057720756,-0.10730813165636247,0.9942258118156161,0.09660580726256525
2025-12-26,-16.261263471087993,-8.509170675256973,0.08930053633669437,0.532822795413596,0.09660580726256525,26.4,13.8,0.0,13.8,3.19,,20.1,12.599999999999998,0.0992693419440199,0.0938210832394787,0.09375564212933232,-0.0026635346814546518,0.0,0.0,9.690000000000001,22.05,7.75209279583102,-0.09019000427034513,0.9959245770286599,0.08995018054014103
2025-12-27,-16.261263471087993,-8.509170675256973,0.09755286910729437,0.5392232131001666,0.08995018054014103,25.9,14.1,0.0,15.2,3.37,,20.0,11.799999999999999,0.09660580726256525,0.09690890819023099,0.09188955685021108,-0.0066556267224242155,0.0,0.0,9.700000000000001,22.580000000000002,7.75209279583102,-0.07304518821104743,0.9973286321364752,0.08558759166735841
2025-12-28,-16.261263471087993,-8.509170675256973,0.09755286910729437,0.5392232131001666,0.08558759166735841,26.4,13.7,0.0,11.9,3.11,,20.049999999999997,12.7,0.08995018054014103,0.0992693419440199,0.09964366663311139,-0.0043625888727826245,0.0,0.0,9.67,22.66,7.75209279583102,-0.05587875690537313,0.9984375616565666,0.09576300537304207
2025-12-29,-16.327283263297463,-8.876386274806213,0.09755286910729437,0.5392232131001666,0.09576300537304207,26.4,13.3,0.0,12.1,3.03,,19.85,13.099999999999998,0.08558759166735841,0.09660580726256525,0.09650168011628153,0.010175413705683659,0.0,0.0,9.510000000000002,22.4,7.45089698849125,-0.03869579017652689,0.9992510374388481,0.09562814393209183
2025-12-30,-16.276608131250185,-8.793366851630372,0.09760504730713569,0.5392198193227254,0.09562814393209183,26.3,12.7,0.0,9.3,2.91,,19.5,13.600000000000001,0.09576300537304207,0.08995018054014103,0.0938210832394787,-0.00013486144095023467,0.0,0.0,9.05,22.11,7.483241279619813,-0.021501372740813793,0.999768818762748,0.09664955308953456
2025-12-31,-16.276608131250185,-8.793366851630372,0.09760504730713569,0.5392198193227254,0.09664955308953456,25.7,13.5,0.1,10.5,2.92,,19.6,12.2,0.09562814393209183,0.08558759166735841,0.09690890819023099,0.0010214091574427264,0.1,0.1,8.860000000000001,21.67,7.483241279619813,-0.004300592702981974,0.9999907524084426,0.09633732604208196
2026-01-01,-16.276608131250185,-8.793366851630372,0.10510826561414843,0.5438395262584587,0.09633732604208196,25.3,15.8,0.0,11.2,3.14,,20.55,9.5,0.09664955308953456,0.09576300537304207,0.0992693419440199,-0.00031222704745259566,0.1,0.1,8.97,21.67,7.483241279619813,0.017201575418260506,0.9998520419557735,0.09538933948179432
2026-01-02,-16.274361523401506,-9.289953945584468,0.10510826561414843,0.5438395262584587,0.09538933948179432,24.5,13.7,0.0,10.6,3.28,,19.1,10.8,0.09633732604208196,0.09562814393209183,0.09660580726256525,-0.0009479865602876475,0.1,0.1,9.34,21.759999999999998,6.984407577817038,0.03439806061360801,0.9994082116062598,0.09472259690543161
2026-01-03,-16.274361523401506,-9.289953945584468,0.10510826561414843,0.5438395262584587,0.09472259690543161,24.2,12.7,0.0,12.5,3.03,,18.45,11.5,0.09538933948179432,0.09664955308953456,0.08995018054014103,-0.0006667425763627055,0.0,0.1,9.450000000000001,21.419999999999998,6.984407577817038,0.051584366869408364,0.9986686402879997,0.09395933552793287
2026-01-04,-16.274361523401506,-9.289953945584468,0.10518138755312717,0.5438566720008995,0.09395933552793287,24.7,12.7,0.0,12.1,3.06,,18.7,12.0,0.09472259690543161,0.09633732604208196,0.08558759166735841,-0.0007632613774987418,0.0,0.1,9.370000000000001,21.369999999999997,6.984407577817038,0.06875540848113941,0.9976335468520451,0.09258114069473106
2026-01-05,-16.083073807220785,-8.8077691286203,0.10518138755312717,0.5438566720008995,0.09258114069473106,24.2,13.1,0.0,15.7,3.45,,18.65,11.1,0.09395933552793287,0.09538933948179432,0.09576300537304207,-0.0013781948332018124,0.0,0.1,9.540000000000001,21.79,7.2753046786004845,0.08590610426133272,0.9963032375991965,0.09507068146160659
2026-01-06,-16.083073807220785,-8.8077691286203,0.11738308066050032,0.5535382052202643,0.09507068146160659,24.5,12.2,0.0,12.4,3.27,,18.35,12.3,0.09258114069473106,0.09472259690543161,0.09562814393209183,0.0024895407668755337,0.0,0.1,9.780000000000001,22.150000000000002,7.2753046786004845,0.10303137904317879,0.9946781061893646,0.09358017383165247
2026-01-07,-16.070120848789863,-8.658020631091718,0.11738308066050032,0.5535382052202643,0.09358017383165247,24.2,12.5,0.0,11.6,3.15,,18.35,11.7,0.09507068146160659,0.09395933552793287,0.09664955308953456,-0.0014905076299541187,0.0,0.0,9.870000000000001,22.38,7.4121002176981445,0.1201261651823505,0.9927586335250793,0.09156227538807019
2026-01-08,-16.070120848789863,-8.658020631091718,0.12170733463003558,0.5529264205828711,0.09156227538807019,23.8,13.1,0.0,12.4,3.03,,18.45,10.700000000000001,0.09358017383165247,0.09258114069473106,0.09633732604208196,-0.002017898443582286,0.0,0.0,9.450000000000001,22.27,7.4121002176981445,0.13718540405660057,0.9905453876091833,0.09044889024014781
2026-01-09,-16.070120848789863,-8.658020631091718,0.12172307953648057,0.5529408668714809,0.09044889024014781,23.4,10.3,0.0,10.4,3.02,,16.85,13.099999999999998,0.09156227538807019,0.09507068146160659,0.09538933948179432,-0.0011133851479223772,0.0,0.0,9.200000000000001,22.01,7.4121002176981445,0.1542040475626894,0.988039023376751,0.09134470018835027
2026-01-10,-16.180194575471738,-8.961975381577181,0.12172307953648057,0.5529408668714809,0.09134470018835027,23.3,9.4,0.0,13.1,3.15,,16.35,13.9,0.09044889024014781,0.09358017383165247,0.09472259690543161,0.0008958099482024584,0.0,0.0,9.200000000000001,22.13,7.218219193894557,0.17117705961019986,0.985240282501282,0.08864624172339967
2026-01-11,-16.149549314174827,-8.900914745597737,0.13102464174932807,0.5611850425319296,0.08864624172339967,25.5,10.5,0.0,10.8,3.09,,18.0,15.0,0.09134470018835027,0.09156227538807019,0.09395933552793287,-0.0026984584649505927,0.0,0.0,9.260000000000002,22.16,7.24863456857709,0.18809941761179758,0.9821499931752291,0.08568914246142623
2026-01-12,-16.149549314174827,-8.900914745597737,0.13102464174932807,0.5611850425319296,0.08568914246142623,26.6,13.1,0.0,13.0,3.34,,19.85,13.500000000000002,0.08864624172339967,0.09044889024014781,0.09258114069473106,-0.0029570992619734476,0.0,0.0,9.58,22.049999999999997,7.24863456857709,0.20496611396949532,0.9787690698649216,0.08322376643774784
2026-01-13,-16.149549314174827,-8.900914745597737,0.1372471142461931,0.5648311723916352,0.08322376643774784,26.6,13.7,0.0,12.6,3.58,,20.15,12.900000000000002,0.08568914246142623,0.09134470018835027,0.09507068146160659,-0.002465376023678384,0.0,0.0,10.01,22.36,7.24863456857709,0.22177215755648186,0.975098513039961,0.09428419692527183
2026-01-14,-16.30950252334114,-9.340750055723257,0.1373062239646,0.5649026109625251,0.09428419692527183,25.0,10.1,0.0,8.6,3.59,,17.55,14.9,0.08322376643774784,0.08864624172339967,0.09358017383165247,0.01106043048752399,0.0,0.0,10.51,22.8,6.968752467617884,0.23851257519407648,0.9711394088771653,0.08832558518876465
2026-01-15,-16.30950252334114,-9.340750055723257,0.1373062239646,0.5649026109625251,0.08832558518876465,25.9,10.1,0.0,11.5,3.35,,18.0,15.799999999999999,0.09428419692527183,0.08568914246142623,0.09156227538807019,-0.005958611736507177,0.0,0.0,10.52,23.119999999999997,6.968752467617884,0.2551824131233728,0.9668929289391521,0.08546156746307766
2026-01-16,-16.30950252334114,-9.340750055723257,0.1443000059063874,0.5716621104893703,0.08546156746307766,27.3,12.5,0.0,12.3,3.35,,19.9,14.8,0.08832558518876465,0.08322376643774784,0.09044889024014781,-0.002864017725686993,0.0,0.0,10.290000000000001,23.45,6.968752467617884,0.2717767384711357,0.9623603298276545,0.0818990527872613
2026-01-17,-16.277865839668756,-9.075098823975868,0.1443000059063874,0.5716621104893703,0.0818990527872613,25.9,11.6,0.0,10.7,3.4,,18.75,14.299999999999999,0.08546156746307766,0.09428419692527183,0.09134470018835027,-0.003562514675816364,0.0,0.0,10.100000000000001,23.700000000000003,7.2027670156928885,0.2882906407095177,0.9575429528116719,0.08417346039485497
2026-01-18,-16.277865839668756,-9.075098823975868,0.1443000059063874,0.5716621104893703,0.08417346039485497,24.5,12.9,0.2,11.0,2.85,,18.7,11.6,0.0818990527872613,0.08832558518876465,0.08864624172339967,0.002274407607593676,0.2,0.2,9.600000000000001,23.46,7.2027670156928885,0.3047192331091634,0.9524422234305676,0.08661763713620715
2026-01-19,-16.277865839668756,-9.075098823975868,0.14438651594946647,0.5717300701678819,0.08661763713620715,25.2,12.0,0.0,9.9,3.22,,18.6,13.2,0.08417346039485497,0.08546156746307766,0.08568914246142623,0.0024441767413521803,0.2,0.2,9.470000000000002,23.340000000000003,7.2027670156928885,0.321057654185271,0.9470596510722283,0.0831406692775431
2026-01-20,-16.277865839668756,-9.075098823975868,0.14438651594946647,0.5717300701678819,0.0831406692775431,25.9,11.0,0.0,8.1,3.27,,18.45,14.899999999999999,0.08661763713620715,0.0818990527872613,0.08322376643774784,-0.003476967858664054,0.2,0.2,9.340000000000002,23.03,7.2027670156928885,0.3373010691361842,0.9413968285264122,0.08178803560539813
2026-01-21,-16.277865839668756,-9.075098823975868,0.14887783319297468,0.5746286280949519,0.08178803560539813,28.0,14.6,0.0,15.0,3.83,,21.3,13.4,0.0831406692775431,0.08417346039485497,0.09428419692527183,-0.0013526336721449705,0.0,0.2,10.320000000000002,23.27,7.2027670156928885,0.3534446712740877,0.9354554315134164,0.08470934900310173
2026-01-22,-16.535678933170356,-9.58410498051158,0.14887783319297468,0.5746286280949519,0.08470934900310173,28.2,15.5,0.0,12.8,3.73,,21.85,12.7,0.08178803560539813,0.08661763713620715,0.08832558518876465,0.002921313397703601,0.0,0.2,10.830000000000002,23.650000000000002,6.9515739526587765,0.3694836834473831,0.9292372181882051,0.07975897726803902
2026-01-23,-16.502738260324808,-9.511333102969799,0.14887783319297468,0.5746286280949519,0.07975897726803902,22.9,12.9,0.0,14.3,3.45,,17.9,9.999999999999998,0.08470934900310173,0.0831406692775431,0.08546156746307766,-0.004950371735062714,0.0,0.2,11.010000000000002,23.75,6.991405157355009,0.38541335945432564,0.9227440286201427,0.07414535008865715
2026-01-24,-16.502738260324808,-9.511333102969799,0.14890947880249758,0.5746382348970248,0.07414535008865715,23.8,10.6,0.0,13.2,3.86,,17.2,13.200000000000001,0.07975897726803902,0.08178803560539813,0.0818990527872613,-0.0056136271793818665,0.0,0.2,11.040000000000001,24.21,6.991405157355009,0.4012289854475009,0.9159777842484877,0.07777552512662136
2026-01-25,-16.502738260324808,-9.511333102969799,0.14890947880249758,0.5746382348970248,0.07777552512662136,24.5,12.1,0.0,10.2,3.71,,18.3,12.4,0.07414535008865715,0.08470934900310173,0.08417346039485497,0.0036301750379642145,0.0,0.0,11.020000000000001,25.07,6.991405157355009,0.4169258813287287,0.908940487313808,0.07977229044008029
2026-01-26,-16.525389981091344,-9.73495356045968,0.1533580630983393,0.5751934079419241,0.07977229044008029,27.4,15.3,0.0,14.4,3.56,,21.35,12.099999999999998,0.07777552512662136,0.07975897726803902,0.08661763713620715,0.001996765313458923,0.0,0.0,11.13,25.410000000000004,6.790436420631664,0.4324994021339788,0.901634220265486,0.07742110450282777
2026-01-27,-16.525389981091344,-9.73495356045968,0.1533580630983393,0.5751934079419241,0.07742110450282777,25.1,15.2,0.0,15.7,3.96,,20.15,9.900000000000002,0.07977229044008029,0.07414535008865715,0.0831406692775431,-0.0023511859372525173,0.0,0.0,11.23,26.099999999999998,6.790436420631664,0.44794493940789115,0.8940611451454876,0.07436619910284234
2026-01-28,-16.525389981091344,-9.73495356045968,0.1533580630983393,0.5751934079419241,0.07436619910284234,24.5,11.9,0.0,13.2,4.02,,18.2,12.6,0.07742110450282777,0.07777552512662136,0.08178803560539813,-0.0030549053999854303,0.0,0.0,11.54,26.29,6.790436420631664,0.4632579225674917,0.88622350294858,0.07364962733105765
2026-01-29,-16.460358595844138,-9.700862034892097,0.15337877554130752,0.5751679465462285,0.07364962733105765,25.4,13.0,0.0,15.5,4.44,,19.2,12.399999999999999,0.07436619910284234,0.07977229044008029,0.08470934900310173,-0.0007165717717846909,0.0,0.0,12.420000000000002,27.0,6.759496560952041,0.4784338202547012,0.8781236129591848,0.08003802016107536
2026-01-30,-16.460358595844138,-9.700862034892097,0.15337877554130752,0.5751679465462285,0.08003802016107536,27.6,15.2,0.0,14.8,3.68,,21.4,12.400000000000002,0.07364962733105765,0.07742110450282777,0.07975897726803902,0.006388392830017714,0.0,0.0,12.14,27.23,6.759496560952041,0.49346814167723735,0.8697638720650646,0.07724454059443192
2026-01-31,-16.170241951305336,-9.195982324222506,0.1513268125951356,0.5639968651462922,0.07724454059443192,28.8,17.8,0.1,10.0,3.34,,23.3,11.0,0.08003802016107536,0.07436619910284234,0.07414535008865715,-0.002793479566643442,0.1,0.1,11.46,26.71,6.97425962708283,0.5083564379375122,0.8611467540480452,0.07546829006733383
2026-02-01,-16.170241951305336,-9.195982324222506,0.1513268125951356,0.5639968651462922,0.07546829006733383,28.6,17.2,0.1,8.9,3.35,,22.9,11.400000000000002,0.07724454059443192,0.07364962733105765,0.07777552512662136,-0.0017762505270980944,0.2,0.2,10.370000000000001,26.35,6.97425962708283,0.5230943033491326,0.8522748088519838,0.07885317780954298
2026-02-02,-16.170241951305336,-9.195982324222506,0.15522917427102678,0.5710191002703179,0.07885317780954298,29.1,17.3,0.4,12.3,3.88,,23.200000000000003,11.8,0.07546829006733383,0.08003802016107536,0.07977229044008029,0.0033848877422091583,0.6000000000000001,0.6000000000000001,10.57,26.669999999999998,6.97425962708283,0.5376773767406141,0.8431506618282,0.07898185844189766
2026-02-03,-16.170241951305336,-9.195982324222506,0.15518354496265133,0.5709211419687805,0.07898185844189766,28.6,16.9,0.0,13.6,3.86,,22.75,11.700000000000003,0.07885317780954298,0.07724454059443192,0.07742110450282777,0.00012868063235467464,0.5,0.6000000000000001,11.090000000000002,26.57,6.97425962708283,0.5521013427459208,0.8337770129585915,0.07489936771008635
2026-02-04,-16.147148163100947,-9.129359357157353,0.15518354496265133,0.5709211419687805,0.07489936771008635,28.9,17.8,0.0,16.4,4.69,,23.35,11.099999999999998,0.07898185844189766,0.07546829006733383,0.07436619910284234,-0.004082490731811314,0.4,0.6000000000000001,12.43,27.240000000000002,7.017788805943594,0.5663619330814524,0.8241566360566663,0.07296318236797812
2026-02-05,-16.147148163100947,-9.129359357157353,0.14353003675796738,0.5431305739719255,0.07296318236797812,29.6,17.9,0.0,16.7,4.33,,23.75,11.700000000000003,0.07489936771008635,0.07885317780954298,0.07364962733105765,-0.0019361853421082237,0.0,0.6000000000000001,12.880000000000003,27.130000000000003,7.017788805943594,0.580454927809098,0.8142923779467267,0.0736845983748187
2026-02-06,-16.147148163100947,-9.129359357157353,0.14353003675796738,0.5431305739719255,0.0736845983748187,30.1,17.9,0.0,12.5,3.9,,24.0,12.200000000000003,0.07296318236797812,0.07898185844189766,0.08003802016107536,0.0007214160068405723,0.0,0.6000000000000001,12.92,27.35,7.017788805943594,0.5943761565849831,0.804187157621448,0.07588491690748225
2026-02-07,-16.147432350138892,-9.160038867649066,0.14353003675796738,0.5431305739719255,0.07588491690748225,30.0,17.4,0.0,11.0,4.63,,23.7,12.600000000000001,0.0736845983748187,0.07489936771008635,0.07724454059443192,0.002200318532663559,0.0,0.5,12.860000000000001,28.64,6.987393482489827,0.6081214998935418,0.7938439653781019,0.0724146495938543
2026-02-08,-16.147432350138892,-9.160038867649066,0.14321358510299798,0.5428066321788868,0.0724146495938543,29.6,15.7,0.0,12.8,4.49,,22.65,13.900000000000002,0.07588491690748225,0.07296318236797812,0.07546829006733383,-0.003470267313627956,0.0,0.4,13.020000000000001,29.78,6.987393482489827,0.6216868902665479,0.7832658619336791,0.07071379590184045
2026-02-09,-16.147432350138892,-9.160038867649066,0.14321358510299798,0.5428066321788868,0.07071379590184045,29.8,14.3,0.0,9.8,4.35,,22.05,15.5,0.0724146495938543,0.0736845983748187,0.07885317780954298,-0.0017008536920138512,0.0,0.0,13.47,30.25,6.987393482489827,0.6350683134867438,0.7724559775191742,0.06926936628692434
2026-02-10,-15.839567885133741,-8.650906094303236,0.1298302087518602,0.5245717901304714,0.06926936628692434,27.8,14.5,0.0,11.8,4.17,,21.15,13.3,0.07071379590184045,0.07588491690748225,0.07898185844189766,-0.0014444296149161012,0.0,0.0,13.010000000000002,30.560000000000002,7.188661790830505,0.6482618097757122,0.7614175109532997,0.07009216541510861
2026-02-11,-15.839567885133741,-8.650906094303236,0.1298302087518602,0.5245717901304714,0.07009216541510861,30.1,15.1,0.0,10.1,4.22,,22.6,15.000000000000002,0.06926936628692434,0.0724146495938543,0.07489936771008635,0.0008227991281842678,0.0,0.0,12.740000000000002,30.09,7.188661790830505,0.6612634749656386,0.7501537286959042,0.071366630105952
2026-02-12,-15.995533011062086,-8.796866189270185,0.1298302087518602,0.5245717901304714,0.071366630105952,31.8,17.9,0.0,14.7,4.86,,24.85,13.900000000000002,0.07009216541510861,0.07071379590184045,0.07296318236797812,0.0012744646908433854,0.0,0.0,13.250000000000002,30.619999999999997,7.198666821791901,0.6740694616546161,0.7386679638813748,0.0678338052327534
2026-02-13,-15.995533011062086,-8.796866189270185,0.12951575521458342,0.5239868299814543,0.0678338052327534,31.2,17.3,0.0,11.7,4.56,,24.25,13.899999999999999,0.071366630105952,0.06926936628692434,0.0736845983748187,-0.0035328248731986006,0.0,0.0,13.64,31.279999999999998,7.198666821791901,0.6866759803451553,0.726963615332308,0.0639789319988685
2026-02-14,-15.995533011062086,-8.796866189270185,0.12951575521458342,0.5239868299814543,0.0639789319988685,30.8,15.4,0.0,11.4,4.83,,23.1,15.4,0.0678338052327534,0.07009216541510861,0.07588491690748225,-0.0038548732338848923,0.0,0.0,14.250000000000004,31.48,7.198666821791901,0.6990793005655562,0.7150441465537444,0.07576509689487974
2026-02-15,-16.183785364356467,-8.94658238899957,0.11460023320968711,0.5051537916753052,0.07576509689487974,30.7,14.1,0.0,10.2,4.34,,22.4,16.6,0.0639789319988685,0.071366630105952,0.0724146495938543,0.01178616489601124,0.0,0.0,13.73,31.330000000000002,7.237202975356897,0.7112757519738152,0.7029130847082615,0.07159797865265044
2026-02-16,-16.191493122171217,-8.966596573611332,0.11460023320968711,0.5051537916753052,0.07159797865265044,30.0,14.8,0.0,7.1,4.04,,22.4,15.2,0.07576509689487974,0.0678338052327534,0.07071379590184045,-0.0041671182422293035,0.0,0.0,13.210000000000003,31.02,7.224896548559885,0.7232617254437388,0.6905740195722293,0.06970056000513258
2026-02-17,-16.191493122171217,-8.966596573611332,0.11460023320968711,0.5051537916753052,0.06970056000513258,29.3,15.7,0.0,10.4,4.43,,22.5,13.600000000000001,0.07159797865265044,0.0639789319988685,0.06926936628692434,-0.0018974186475178567,0.0,0.0,12.810000000000002,31.28,7.224896548559885,0.7350336741329413,0.6780306024735382,0.06932047952497868
2026-02-18,-16.191493122171217,-8.966596573611332,0.11430380153911755,0.5047722103441632,0.06932047952497868,29.5,17.4,0.0,11.8,4.31,,23.45,12.100000000000001,0.06970056000513258,0.07576509689487974,0.07009216541510861,-0.0003800804801539076,0.0,0.0,12.780000000000001,31.369999999999997,7.224896548559885,0.746588114532413,0.6652865452111116,0.07171042984266521
2026-02-19,-16.393798305777036,-9.30113217817406,0.11430380153911755,0.5047722103441632,0.07171042984266521,29.9,17.2,0.0,16.3,4.57,,23.549999999999997,12.7,0.06932047952497868,0.07159797865265044,0.071366630105952,0.0023899503176865317,0.0,0.0,13.310000000000002,31.08,7.0926661276029765,0.7579216274973472,0.6523456189565257,0.07503788861693407
2026-02-20,-16.393798305777036,-9.30113217817406,0.1060331138209241,0.49450744267124996,0.07503788861693407,30.9,19.5,0.0,16.3,5.05,,25.2,11.399999999999999,0.07171042984266521,0.06970056000513258,0.0678338052327534,0.0033274587742688627,0.0,0.0,13.930000000000001,31.57,7.0926661276029765,0.7690308592589181,0.6392116531380588,0.07190198027756053
2026-02-21,-16.393798305777036,-9.30113217817406,0.1060331138209241,0.49450744267124996,0.07190198027756053,31.4,19.4,0.0,13.9,4.69,,25.4,12.0,0.07503788861693407,0.06932047952497868,0.0639789319988685,-0.003135908339373536,0.0,0.0,14.310000000000002,31.43,7.0926661276029765,0.7799125224167177,0.6258885343075018,0.06776572410675437
2026-02-22,-16.393798305777036,-9.30113217817406,0.1060331138209241,0.49450744267124996,0.06776572410675437,31.3,16.7,0.0,9.2,4.62,,24.0,14.600000000000001,0.07190198027756053,0.07171042984266521,0.07576509689487974,-0.004136256170806166,0.0,0.0,14.360000000000001,31.71,7.0926661276029765,0.7905633969115482,0.612380204990065,0.07216749925767033
2026-02-23,-16.393798305777036,-9.30113217817406,0.10544699876406785,0.4941672948897505,0.07216749925767033,31.0,19.0,0.0,11.2,4.37,,25.0,12.0,0.06776572410675437,0.07503788861693407,0.07159797865265044,0.004401775150915957,0.0,0.0,13.680000000000003,32.04,7.0926661276029765,0.8009803309782905,0.5986906625177214,0.06840282150654936
2026-02-24,-16.403619918486335,-9.165037587134313,0.10544699876406785,0.4941672948897505,0.06840282150654936,32.8,18.5,0.0,11.6,4.88,,25.65,14.299999999999997,0.07216749925767033,0.07190198027756053,0.06970056000513258,-0.003764677751120965,0.0,0.0,13.870000000000001,32.49,7.238582331352022,0.8111602420785621,0.5848239578463322,0.06452652809607339
2026-02-25,-16.403619918486335,-9.165037587134313,0.08663465709877756,0.4936599231681929,0.06452652809607339,33.4,19.5,0.0,10.7,4.7,,26.45,13.899999999999999,0.06840282150654936,0.06776572410675437,0.06932047952497868,-0.0038762934104759755,0.0,0.0,13.950000000000003,32.88,7.238582331352022,0.8211001178128892,0.5707841943569036,0.06649728006283494
2026-02-26,-16.403619918486335,-9.165037587134313,0.08663465709877756,0.4936599231681929,0.06649728006283494,32.2,18.7,0.0,11.5,5.12,,25.450000000000003,13.500000000000004,0.06452652809607339,0.07216749925767033,0.07171042984266521,0.0019707519667615525,0.0,0.0,14.700000000000001,33.43,7.238582331352022,0.8307970168121247,0.5565755266413303,0.06909475483883021
2026-02-27,-16.50731148315128,-9.36385936356589,0.08663465709877756,0.4936599231681929,0.06909475483883021,29.9,17.0,0.0,13.2,4.93,,23.45,12.899999999999999,0.06649728006283494,0.06840282150654936,0.07503788861693407,0.0025974747759952704,0.0,0.0,14.750000000000002,33.31,7.14345211958539,0.8402480696078469,0.5422021592729844,0.06744049967336772
2026-02-28,-16.49736996313154,-9.326801281666077,0.08632612206732905,0.49344024851536217,0.06744049967336772,30.3,18.0,0.0,14.6,5.04,,24.15,12.3,0.06909475483883021,0.06452652809607339,0.07190198027756053,-0.0016542551654624843,0.0,0.0,15.09,33.66,7.170568681465463,0.8494504794814806,0.527668345562516,0.062108789959733075
2026-03-01,-16.49736996313154,-9.326801281666077,0.08632612206732905,0.49344024851536217,0.062108789959733075,31.6,18.4,0.0,10.5,5.05,,25.0,13.200000000000003,0.06744049967336772,0.06649728006283494,0.06776572410675437,-0.005331709713634648,0.0,0.0,15.020000000000001,34.09,7.170568681465463,0.8584015232918917,0.512978386299228,0.05969600381679399
2026-03-02,-16.49736996313154,-9.326801281666077,0.05666931020236308,0.4728305703780326,0.05969600381679399,33.0,18.8,0.0,9.2,5.12,,25.9,14.2,0.062108789959733075,0.06909475483883021,0.07216749925767033,-0.0024127861429390843,0.0,0.0,15.21,34.84,7.170568681465463,0.8670985522812081,0.4981366284784055,0.06661868120656028
2026-03-03,-16.681350320173376,-9.678613461368693,0.05666931020236308,0.4728305703780326,0.06661868120656028,34.9,19.7,0.0,9.8,5.53,,27.299999999999997,15.2,0.05969600381679399,0.06744049967336772,0.06840282150654936,0.006922677389766291,0.0,0.0,15.700000000000003,35.489999999999995,7.002736858804683,0.8755389928586302,0.4831474640149687,0.06373747303015545
2026-03-04,-16.681350320173376,-9.678613461368693,0.05666931020236308,0.4728305703780326,0.06373747303015545,35.5,21.3,0.0,13.5,6.41,,28.4,14.2,0.06661868120656028,0.062108789959733075,0.06452652809607339,-0.0028812081764048314,0.0,0.0,17.060000000000002,37.2,7.002736858804683,0.8837203473619977,0.4680153284438345,0.06106110287296127
2026-03-05,-16.681350320173376,-9.678613461368693,0.0561312376691353,0.4725851985126937,0.06106110287296127,34.6,20.5,0.0,12.0,6.21,,27.55,14.100000000000001,0.06373747303015545,0.05969600381679399,0.06649728006283494,-0.0026763701571941786,0.0,0.0,18.150000000000002,38.29,7.002736858804683,0.8916401947968874,0.45274469960737107,0.059754031352196584
2026-03-06,-16.681053174444383,-9.524051582313014,0.0561312376691353,0.4725851985126937,0.059754031352196584,32.6,17.6,0.0,8.7,4.97,,25.1,15.0,0.06106110287296127,0.06661868120656028,0.06909475483883021,-0.0013070715207646882,0.0,0.0,17.590000000000003,38.33,7.157001592131369,0.8992961915530253,0.4373400963303323,0.06568336677855989
2026-03-07,-16.681053174444383,-9.524051582313014,0.03106439285691108,0.44969480532585354,0.06568336677855989,34.2,17.0,0.0,6.9,4.89,,25.6,17.200000000000003,0.059754031352196584,0.06373747303015545,0.06744049967336772,0.005929335426363307,0.0,0.0,16.07,38.18,7.157001592131369,0.9066860720977985,0.4218060770826634,0.06816431164843285
2026-03-08,-16.664275122690242,-9.32749070674364,0.03106439285691108,0.44969480532585354,0.06816431164843285,36.6,18.9,0.0,10.3,5.79,,27.75,17.700000000000003,0.06568336677855989,0.06106110287296127,0.062108789959733075,0.002480944869872964,0.0,0.0,15.65,38.92,7.336784415946601,0.9138076496466615,0.4061472386305789,0.060459729301747166
2026-03-09,-16.664275122690242,-9.32749070674364,0.023527223223653717,0.43757818432199036,0.060459729301747166,37.9,20.6,0.0,10.7,6.42,,29.25,17.299999999999997,0.06816431164843285,0.059754031352196584,0.05969600381679399,-0.007704582346685689,0.0,0.0,17.1,40.22,7.336784415946601,0.9206588168102428,0.3903682146763026,0.05610233688813488
2026-03-10,-16.664275122690242,-9.32749070674364,0.023234920485389554,0.4373685124677844,0.05610233688813488,38.6,21.5,0.0,11.3,6.59,,30.05,17.1,0.060459729301747166,0.06568336677855989,0.06661868120656028,-0.004357392413612285,0.0,0.0,18.8,41.28,7.336784415946601,0.9272375462179537,0.374473674486883,0.06411141613196894
2026-03-11,-16.787238528696722,-9.556620683326363,0.023234920485389554,0.4373685124677844,0.06411141613196894,38.2,21.8,0.0,15.2,6.9,,30.0,16.400000000000002,0.05610233688813488,0.06816431164843285,0.06373747303015545,0.00800907924383406,0.0,0.0,19.910000000000004,41.77,7.230617845370359,0.9335418911179212,0.35846832151248087,0.06030734862656944
2026-03-12,-16.80244226211824,-9.529355908913658,0.011002872397010359,0.41536655612190365,0.06030734862656944,36.2,21.1,0.0,12.3,6.51,,28.650000000000002,15.100000000000001,0.06411141613196894,0.060459729301747166,0.06106110287296127,-0.0038040675053995013,0.0,0.0,20.0,42.07,7.273086353204583,0.9395699859530622,0.342356891994542,0.057741229685387925
2026-03-13,-16.80244226211824,-9.529355908913658,0.011002872397010359,0.41536655612190365,0.057741229685387925,36.6,20.6,0.0,10.7,6.0,,28.6,16.0,0.06030734862656944,0.05610233688813488,0.059754031352196584,-0.002566118941181514,0.0,0.0,19.410000000000004,43.099999999999994,7.273086353204583,0.945320046913132,0.3261441535642696,0.05731398910859262
2026-03-14,-16.80244226211824,-9.529355908913658,0.011002872397010359,0.41536655612190365,0.05731398910859262,35.6,19.4,0.0,15.2,6.83,,27.5,16.200000000000003,0.057741229685387925,0.06411141613196894,0.06568336677855989,-0.0004272405767953083,0.0,0.0,19.340000000000003,45.040000000000006,7.273086353204583,0.9507903724625832,0.3098349038318025,0.05863701517270674
2026-03-15,-17.088815896278096,-10.010072917290394,0.010666604171286327,0.41504522945831823,0.05863701517270674,35.9,22.1,0.0,15.2,6.54,,29.0,13.799999999999997,0.05731398910859262,0.06030734862656944,0.06816431164843285,0.0013230260641141217,0.0,0.0,19.37,45.79,7.078742978987702,0.9559793438440766,0.2934339689665273,0.06001141844504449
2026-03-16,-17.088815896278096,-10.010072917290394,0.010666604171286327,0.41504522945831823,0.06001141844504449,35.5,19.6,0.0,16.9,6.75,,27.55,15.899999999999999,0.05863701517270674,0.057741229685387925,0.060459729301747166,0.0013744032723377528,0.0,0.0,20.12,46.120000000000005,7.078742978987702,0.9608854255574977,0.27694620226893646,0.05605238958814175
2026-03-17,-17.088815896278096,-10.010072917290394,-0.0009780500462134164,0.3985820064273411,0.05605238958814175,34.9,20.4,0.0,12.8,6.0,,27.65,14.5,0.06001141844504449,0.05731398910859262,0.05610233688813488,-0.00395902885690274,0.0,0.0,19.290000000000003,45.53,7.078742978987702,0.9655071658143364,0.2603764827344581,0.05434819936124002
2026-03-18,-17.141910336348996,-9.766865191979766,-0.0009780500462134164,0.3985820064273411,0.05434819936124002,34.4,20.7,0.0,11.0,6.06,,27.549999999999997,13.7,0.05605238958814175,0.05863701517270674,0.06411141613196894,-0.0017041902269017348,0.0,0.0,18.810000000000002,44.69,7.3750451443692295,0.969843196967294,0.24372971360968387,0.04663660587680424
2026-03-19,-17.141910336348996,-9.766865191979766,1.97293937924741e-05,0.39600898018069036,0.04663660587680424,33.3,20.5,2.3,28.7,5.37,,26.9,12.799999999999997,0.05434819936124002,0.06001141844504449,0.06030734862656944,-0.007711593484435779,2.3,2.3,17.430000000000003,43.550000000000004,7.3750451443692295,0.9738922359149924,0.22701082094141847,0.06877725224049269
2026-03-20,-16.792399166643758,-9.289639858413944,-0.0002400389274386472,0.3954906009567572,0.06877725224049269,30.3,17.5,0.0,12.6,5.12,,23.9,12.8,0.04663660587680424,0.05605238958814175,0.057741229685387925,0.022140646363688454,2.3,2.3,16.550000000000004,42.67,7.502759308229814,0.9776530844816641,0.2102247521189836,0.06930851030368021
2026-03-21,-16.792399166643758,-9.289639858413944,-0.0002400389274386472,0.3954906009567572,0.06930851030368021,31.6,17.7,0.0,8.4,4.59,,24.65,13.900000000000002,0.06877725224049269,0.05434819936124002,0.05731398910859262,0.0005312580631875174,2.3,2.3,15.080000000000002,40.43000000000001,7.502759308229814,0.981124629771712,0.19337647441020586,0.06514332396683746
2026-03-22,-16.792399166643758,-9.289639858413944,-0.010657873725682483,0.38195954116897796,0.06514332396683746,33.7,19.4,0.0,12.6,5.86,,26.55,14.300000000000004,0.06930851030368021,0.04663660587680424,0.05863701517270674,-0.004165186336842749,0.0,2.3,15.57,39.75,7.502759308229814,0.984305844499033,0.17647097349152166,0.058541568067125044
2026-03-23,-16.50434432394968,-9.260576318987484,-0.010657873725682483,0.38195954116897796,0.058541568067125044,34.5,23.4,0.0,15.5,6.52,,28.95,11.100000000000001,0.06514332396683746,0.06877725224049269,0.06001141844504449,-0.0066017558997124165,0.0,2.3,16.970000000000002,39.519999999999996,7.243768004962197,0.9871957872910085,0.15951325197263655,0.054569236710733986
2026-03-24,-16.521192705606364,-9.235499817252528,-0.010657873725682483,0.38195954116897796,0.054569236710733986,35.2,21.7,0.0,8.6,5.81,,28.450000000000003,13.500000000000004,0.058541568067125044,0.06930851030368021,0.05605238958814175,-0.003972331356391058,0.0,2.3,18.19,39.33,7.285692888353836,0.9897936029670716,0.14250832791617088,0.05120149687541707
2026-03-25,-16.521192705606364,-9.235499817252528,-0.01074663768369879,0.38191555263434945,0.05120149687541707,34.6,23.5,0.0,10.1,4.96,,29.05,11.100000000000001,0.054569236710733986,0.06514332396683746,0.05434819936124002,-0.0033677398353169144,0.0,2.3,17.290000000000003,38.230000000000004,7.285692888353836,0.992098522791769,0.12546123335273648,0.04870966071467417
2026-03-26,-16.521192705606364,-9.235499817252528,-0.01074663768369879,0.38191555263434945,0.04870966071467417,36.0,23.2,0.0,12.3,6.87,,29.6,12.8,0.05120149687541707,0.058541568067125044,0.04663660587680424,-0.0024918361607429024,0.0,0.0,17.64,39.73,7.285692888353836,0.9941098647022418,0.10837701279187609,0.05744735918268761
2026-03-27,-17.37501013735207,-10.16630349223825,-0.019720715038464967,0.3690745601627622,0.05744735918268761,36.4,23.4,0.0,17.1,7.36,,29.9,13.0,0.04870966071467417,0.054569236710733986,0.06877725224049269,0.008737698468013443,0.0,0.0,19.19,41.97,7.208706645113821,0.9958270335100595,0.09126072172931188,0.05038028183189181
2026-03-28,-17.37501013735207,-10.16630349223825,-0.019720715038464967,0.3690745601627622,0.05038028183189181,36.0,23.8,0.0,21.8,7.46,,29.9,12.2,0.05744735918268761,0.05120149687541707,0.06930851030368021,-0.0070670773507958,0.0,0.0,21.69,44.839999999999996,7.208706645113821,0.9972495210773451,0.07411742515094437,0.04769063002179074
2026-03-29,-17.37501013735207,-10.16630349223825,-0.019720715038464967,0.3690745601627622,0.04769063002179074,34.3,24.2,0.2,19.1,5.83,,29.25,10.099999999999998,0.05038028183189181,0.04870966071467417,0.06514332396683746,-0.002689651810101071,0.2,0.2,20.650000000000002,44.809999999999995,7.208706645113821,0.998376906467142,0.056952196034039754,0.054569966771762415
2026-03-30,-16.839666546564914,-9.551967837902167,-0.019729062884710328,0.3690180361453795,0.054569966771762415,34.5,25.3,0.3,14.2,5.34,,29.9,9.2,0.04769063002179074,0.05744735918268761,0.058541568067125044,0.006879336749971675,0.5,0.5,18.630000000000003,43.63,7.287698708662747,0.9992088560679753,0.03977011384605572,0.05636380095815442
2026-03-31,-16.839666546564914,-9.551967837902167,-0.019729062884710328,0.3690180361453795,0.05636380095815442,33.5,24.6,0.0,13.1,5.79,,29.05,8.899999999999999,0.054569966771762415,0.05038028183189181,0.054569236710733986,0.001793834186392007,0.5,0.5,16.96,43.61,7.287698708662747,0.9997451236925734,0.022576263041545485,0.055117549353497566
2026-04-01,-17.384282491964306,-9.780530486783167,-0.024561809542467946,0.3628041830574251,0.055117549353497566,34.7,22.7,0.0,15.1,6.97,,28.700000000000003,12.000000000000004,0.05636380095815442,0.04769063002179074,0.05120149687541707,-0.0012462516046568561,0.3,0.5,18.1,45.62,7.603752005181139,0.9999855506507186,0.005375731557583884,0.051941309385661674
2026-04-02,-17.384282491964306,-9.780530486783169,-0.024561809542467946,0.3628041830574251,0.051941309385661674,34.3,22.7,0.0,19.9,6.55,,28.5,11.599999999999998,0.055117549353497566,0.054569966771762415,0.04870966071467417,-0.003176239967835892,0.0,0.5,19.310000000000002,45.3,7.603752005181137,0.9999300657962057,-0.011826390691832589,0.05554521264805011
2026-04-03,-17.384282491964306,-9.780530486783167,-0.033200915052098184,0.35790230598554,0.05554521264805011,32.1,22.4,0.7,24.6,4.75,,27.25,9.700000000000003,0.051941309385661674,0.05636380095815442,0.05744735918268761,0.003603903262388436,0.7,1.2,18.270000000000003,42.69,7.603752005181139,0.9995786855478958,-0.029025013321975237,0.06336778322092607
2026-04-04,-17.74919119259402,-10.298087307901001,-0.03336728475834888,0.357729384592473,0.06336778322092607,32.2,22.6,0.0,13.5,6.2,,27.400000000000002,9.600000000000001,0.05554521264805011,0.055117549353497566,0.05038028183189181,0.007822570572875956,0.7,1.2,17.5,41.43,7.451103884693017,0.9989315138848577,-0.046215046983708354,0.054203228741267734
2026-04-05,-17.709620635868013,-10.228306389190218,-0.03336728475834888,0.357729384592473,0.054203228741267734,33.3,20.4,0.0,11.5,6.37,,26.849999999999998,12.899999999999999,0.06336778322092607,0.051941309385661674,0.04769063002179074,-0.009164554479658332,0.7,1.0,17.32,41.97,7.481314246677796,0.9979887423155984,-0.06339140486951038,0.04746926456393375
2026-04-06,-17.709620635868013,-10.228306389190218,-0.047133181270020974,0.3481340972292039,0.04746926456393375,34.7,21.3,0.0,16.8,6.94,,28.0,13.400000000000002,0.054203228741267734,0.05554521264805011,0.054569966771762415,-0.006733964177333983,0.0,0.7,19.51,43.57,7.481314246677796,0.9967506498213929,-0.08054900421874167,0.0739425696358107
2026-04-07,-17.709620635868013,-10.228306389190218,-0.047133181270020974,0.3481340972292039,0.0739425696358107,33.4,23.0,6.6,28.2,5.9,,28.2,10.399999999999999,0.04746926456393375,0.06336778322092607,0.05636380095815442,0.026473305071876944,6.6,7.3,19.21,43.68,7.481314246677796,0.9952176027737294,-0.09768276782171598,0.09199595335684037
2026-04-08,-17.663445942247275,-10.202262815834676,-0.04201314017754799,0.34400214904560317,0.09199595335684037,34.3,23.5,0.0,21.4,6.55,,28.9,10.799999999999997,0.0739425696358107,0.054203228741267734,0.055117549353497566,0.018053383721029673,6.6,7.3,19.39,43.26,7.4611831264126,0.9933900548258936,-0.11478762552212701,0.0797015640729402
2026-04-09,-17.663445942247275,-10.202262815834676,-0.04212126007950166,0.3436629938675746,0.0797015640729402,35.6,21.8,0.0,11.9,5.82,,28.700000000000003,13.8,0.09199595335684037,0.04746926456393375,0.051941309385661674,-0.01229438928390017,6.6,7.3,18.270000000000003,42.53,7.4611831264126,0.9912685467787256,-0.13185851571739118,0.06277613020127307
2026-04-10,-17.663445942247275,-10.202262815834676,-0.04212126007950166,0.3436629938675746,0.06277613020127307,37.3,21.6,0.0,16.0,7.17,,29.45,15.699999999999996,0.0797015640729402,0.0739425696358107,0.05554521264805011,-0.01692543387166713,0.0,6.6,19.540000000000003,44.95,7.4611831264126,0.9888537064205885,-0.1488903868564548,0.05346664889104162
2026-04-11,-17.282711281094024,-9.825596097808223,-0.048423394503752784,0.33837701475237975,0.05346664889104162,37.3,20.7,0.0,8.1,5.95,,29.0,16.599999999999998,0.06277613020127307,0.09199595335684037,0.06336778322092607,-0.009309481310231446,0.0,6.6,18.94,44.7,7.457115183285801,0.986146248341595,-0.16587819893463143,0.05576647408538898
2026-04-12,-17.282711281094024,-9.825596097808223,-0.048423394503752784,0.33837701475237975,0.05576647408538898,39.0,23.5,0.0,10.8,7.1,,31.25,15.5,0.05346664889104162,0.0797015640729402,0.054203228741267734,0.002299825194347356,0.0,6.6,20.22,45.43000000000001,7.457115183285801,0.9831469737221499,-0.1828169249850199,0.05122800773328795
2026-04-13,-17.35005198062161,-9.820671700763945,-0.04995231298674654,0.3407449995047808,0.05122800773328795,38.9,22.6,0.0,8.4,6.36,,30.75,16.299999999999997,0.05576647408538898,0.06277613020127307,0.04746926456393375,-0.004538466352101027,0.0,6.6,19.410000000000004,44.85,7.529380279857666,0.9798567700958665,-0.1997015525660636,0.050118629751415594
2026-04-14,-17.35005198062161,-9.820671700763945,-0.05010089177917055,0.3406478755473265,0.050118629751415594,39.1,24.4,0.0,15.2,7.6,,31.75,14.700000000000003,0.05122800773328795,0.05346664889104162,0.0739425696358107,-0.001109377981872356,0.0,0.0,21.060000000000002,46.55,7.529380279857666,0.9762766110869321,-0.21652708524481437,0.052236924775547304
2026-04-15,-17.35005198062161,-9.820671700763947,-0.05010089177917055,0.3406478755473265,0.052236924775547304,39.4,25.2,0.0,14.3,7.08,,32.3,14.2,0.050118629751415594,0.05576647408538898,0.09199595335684037,0.0021182950241317097,0.0,0.0,21.040000000000003,47.080000000000005,7.529380279857664,0.9724075561219968,-0.23328854407545518,0.05415367940426946
2026-04-16,-17.354319930952613,-9.918018098440763,-0.05121958297001179,0.333044322530763,0.05415367940426946,39.0,24.5,0.0,13.8,7.06,,31.75,14.5,0.052236924775547304,0.05122800773328795,0.0797015640729402,0.0019167546287221573,0.0,0.0,21.740000000000002,48.32,7.43630183251185,0.9682507501166718,-0.2499809690726521,0.054483068162063004
2026-04-17,-17.380006772732823,-9.912629501791224,-0.05121958297001179,0.333044322530763,0.054483068162063004,39.2,24.9,0.0,13.5,7.27,,32.05,14.300000000000004,0.05415367940426946,0.050118629751415594,0.06277613020127307,0.0003293887577935431,0.0,0.0,21.41,48.42,7.467377270941599,0.9638074231367307,-0.26659942067929354,0.05222168010814844
2026-04-18,-17.380006772732823,-9.912629501791224,-0.05121958297001179,0.333044322530763,0.05222168010814844,40.1,24.6,0.0,12.1,7.61,,32.35,15.5,0.054483068162063004,0.052236924775547304,0.05346664889104162,-0.0022613880539145634,0.0,0.0,21.94,50.08,7.467377270941599,0.9590788900341131,-0.28313898122818354,0.0502990443640377
2026-04-19,-17.380006772732823,-9.912629501791224,-0.05116013435048258,0.33301680792231125,0.0502990443640377,38.7,24.6,0.0,13.7,7.76,,31.650000000000002,14.100000000000001,0.05222168010814844,0.05415367940426946,0.05576647408538898,-0.0019226357441107442,0.0,0.0,22.64,50.74,7.467377270941599,0.9540665500578387,-0.2995947563972602,0.05648978358136656
2026-04-20,-17.882023436905115,-10.373553184388069,-0.05116013435048258,0.33301680792231125,0.05648978358136656,39.4,23.6,0.0,12.8,7.59,,31.5,15.799999999999997,0.0502990443640377,0.054483068162063004,0.05122800773328795,0.006190739217328864,0.0,0.0,22.96,51.97,7.508470252517046,0.9487718864399473,-0.31596187665790293,0.05242273592599651
2026-04-21,-17.882023436905115,-10.373553184388069,-0.05199204386417627,0.32953749487633216,0.05242273592599651,39.7,24.9,0.0,19.6,7.89,,32.3,14.800000000000004,0.05648978358136656,0.05222168010814844,0.050118629751415594,-0.004067047655370054,0.0,0.0,23.240000000000002,52.260000000000005,7.508470252517046,0.9431964659565866,-0.33223549871590435,0.050693406986621524
2026-04-22,-17.882023436905115,-10.373553184388069,-0.05199204386417627,0.32953749487633216,0.050693406986621524,38.6,23.3,0.0,16.7,8.12,,30.950000000000003,15.3,0.05242273592599651,0.0502990443640377,0.052236924775547304,-0.0017293289393749828,0.0,0.0,23.6,53.3,7.508470252517046,0.9373419384643772,-0.3484108069446808,0.051631047559925494
2026-04-23,-18.05576609582645,-10.610084735755457,-0.05199204386417627,0.32953749487633216,0.051631047559925494,40.1,23.1,0.0,13.3,7.01,,31.6,17.0,0.050693406986621524,0.05648978358136656,0.05415367940426946,0.0009376405733039703,0.0,0.0,23.02,53.25,7.445681360070992,0.9312100364121947,-0.3644830148102912,0.05096944106375299
2026-04-24,-18.05576609582645,-10.610084735755457,-0.05199742755246205,0.32941346853974435,0.05096944106375299,41.1,26.0,0.0,13.5,8.02,,33.55,15.100000000000001,0.051631047559925494,0.05242273592599651,0.054483068162063004,-0.000661606496172501,0.0,0.0,23.15,54.0,7.445681360070992,0.9248025743285089,-0.38044736628785164,0.053288621742967494
2026-04-25,-17.942846881879966,-10.351985316133606,-0.05199742755246205,0.32941346853974435,0.053288621742967494,42.4,26.7,0.0,15.0,7.82,,34.55,15.7,0.05096944106375299,0.050693406986621524,0.05222168010814844,0.002319180679214501,0.0,0.0,22.85,54.209999999999994,7.59086156574636,0.9181214482844364,-0.39629913726891813,0.05151785680926296
2026-04-26,-17.942846881879966,-10.351985316133606,-0.05449979161281526,0.326509870880077,0.05151785680926296,43.2,26.8,0.0,12.3,8.13,,35.0,16.400000000000002,0.053288621742967494,0.051631047559925494,0.0502990443640377,-0.0017707649337045314,0.0,0.0,23.970000000000002,54.58,7.59086156574636,0.9111686353326631,-0.41203363695942635,0.050431410870073724
2026-04-27,-17.942846881879966,-10.351985316133606,-0.05449979161281526,0.326509870880077,0.050431410870073724,42.6,27.7,0.0,24.8,10.49,,35.15,14.900000000000002,0.05151785680926296,0.05096944106375299,0.05648978358136656,-0.0010864459391892387,0.0,0.0,26.440000000000005,57.48,7.59086156574636,0.9039461929224011,-0.42764620926777464,0.0563739905246122
2026-04-28,-18.126223328037902,-10.65881082174714,-0.05696206746155925,0.3233343781318025,0.0563739905246122,42.2,25.7,0.0,26.1,9.55,,33.95,16.500000000000004,0.050431410870073724,0.053288621742967494,0.05242273592599651,0.005942579654538475,0.0,0.0,28.17,59.14,7.467412506290762,0.8964562582905575,-0.44313223418263453,0.050079215803214686
2026-04-29,-18.024004207434817,-10.520435964109177,-0.05700247646234308,0.32323517912386146,0.050079215803214686,41.2,25.6,0.0,23.3,9.08,,33.400000000000006,15.600000000000001,0.0563739905246122,0.05151785680926296,0.050693406986621524,-0.006294774721397514,0.0,0.0,29.12,60.1,7.50356824332564,0.8887010478292915,-0.45848712914008766,0.04805955612106653
2026-04-30,-18.024004207434817,-10.520435964109177,-0.05700247646234308,0.32323517912386146,0.04805955612106653,40.9,26.0,0.0,18.8,8.74,,33.45,14.899999999999999,0.050079215803214686,0.050431410870073724,0.051631047559925494,-0.0020196596821481574,0.0,0.0,27.370000000000005,61.83,7.50356824332564,0.8806828564301475,-0.47370635037968,0.05092850007875644
2026-05-01,-18.024004207434817,-10.520435964109177,-0.06075596564476011,0.31652363358978286,0.05092850007875644,42.1,26.6,0.0,22.1,8.83,,34.35,15.5,0.04805955612106653,0.0563739905246122,0.05096944106375299,0.0028689439576899123,0.0,0.0,26.650000000000002,62.64000000000001,7.50356824332564,0.8724040568049612,-0.48878539428899265,0.05033932500067624
2026-05-02,-18.30307558491764,-10.965053967035516,-0.06075596564476011,0.31652363358978286,0.05033932500067624,42.7,27.5,0.0,25.0,9.45,,35.1,15.200000000000003,0.05092850007875644,0.050079215803214686,0.053288621742967494,-0.0005891750780801994,0.0,0.0,27.02,64.27000000000001,7.338021617882124,0.8638670987837349,-0.503719798736334,0.049725116735801225
2026-05-03,-18.30307558491764,-10.965053967035516,-0.06347083256694333,0.31623719058142524,0.049725116735801225,41.0,26.1,0.0,19.8,8.74,,33.55,14.899999999999999,0.05033932500067624,0.04805955612106653,0.05151785680926296,-0.0006142082648750158,0.0,0.0,27.020000000000003,64.88,7.338021617882124,0.8550745085896932,-0.518505144391157,0.047431411856394004
2026-05-04,-18.30307558491764,-10.965053967035516,-0.06365342703781114,0.3160865390246473,0.047431411856394004,40.5,26.8,0.0,18.2,7.84,,33.65,13.7,0.049725116735801225,0.05092850007875644,0.050431410870073724,-0.0022937048794072212,0.0,0.0,26.03,62.230000000000004,7.338021617882124,0.8460288880917339,-0.533137056031809,0.04688507656991854
2026-05-05,-18.1788373758263,-10.619862185923491,-0.06365342703781114,0.3160865390246473,0.04688507656991854,38.9,27.1,0.0,15.9,6.68,,33.0,11.799999999999997,0.047431411856394004,0.05033932500067624,0.0563739905246122,-0.0005463352864754634,0.0,0.0,23.259999999999998,59.36,7.55897518990281,0.8367329140344921,-0.5476112038402312,0.05037030643736219
2026-05-06,-18.1788373758263,-10.619862185923491,-0.06735518761790382,0.3066910719704559,0.05037030643736219,39.2,25.2,0.0,11.2,6.17,,32.2,14.000000000000004,0.04688507656991854,0.049725116735801225,0.050079215803214686,0.003485229867443651,0.0,0.0,20.69,56.449999999999996,7.55897518990281,0.8271893372462497,-0.5619233046832195,0.04953717045087007
2026-05-07,-17.922664084236597,-10.24958569143432,-0.06735518761790382,0.3066910719704559,0.04953717045087007,41.3,26.8,0.0,15.0,7.91,,34.05,14.499999999999996,0.05037030643736219,0.047431411856394004,0.04805955612106653,-0.0008331359864921228,0.0,0.0,20.76,55.62,7.673078392802278,0.8174009818249189,-0.5760691233798758,0.04682601354540568
2026-05-08,-17.922664084236597,-10.24958569143432,-0.06735518761790382,0.3066910719704559,0.04682601354540568,42.2,26.3,0.0,15.7,8.28,,34.25,15.900000000000002,0.04953717045087007,0.04688507656991854,0.05092850007875644,-0.0027111569054643903,0.0,0.0,22.36,55.06999999999999,7.673078392802278,0.8073707443023492,-0.5900444739548627,0.04913144672716667
2026-05-09,-17.922664084236597,-10.24958569143432,-0.06741462018472462,0.30652474093045456,0.04913144672716667,42.3,26.9,0.0,15.1,8.24,,34.599999999999994,15.399999999999999,0.04682601354540568,0.05037030643736219,0.05033932500067624,0.0023054331817609908,0.0,0.0,24.43,53.86,7.673078392802278,0.7971015927871943,-0.6038452208771035,0.04920534141222333
2026-05-10,-18.16527538767451,-10.573851518205243,-0.06741462018472462,0.30652474093045456,0.04920534141222333,43.4,28.3,0.0,17.5,8.6,,35.85,15.099999999999998,0.04913144672716667,0.04953717045087007,0.049725116735801225,7.389468505666213e-05,0.0,0.0,25.120000000000005,53.72,7.591423869469265,0.7865965660866021,-0.6174672802835514,0.05023589304857687
2026-05-11,-18.16527538767451,-10.573851518205243,-0.07052188448367533,0.2985186650250249,0.05023589304857687,43.6,29.2,0.0,17.9,8.4,,36.4,14.400000000000002,0.04920534141222333,0.04682601354540568,0.047431411856394004,0.001030551636353537,0.0,0.0,25.240000000000002,54.279999999999994,7.591423869469265,0.7758587728069828,-0.6309066211876704,0.04921207964526514
2026-05-12,-18.16527538767451,-10.573851518205243,-0.07052188448367533,0.2985186650250249,0.04921207964526514,43.3,29.0,0.0,12.7,8.3,,36.15,14.299999999999997,0.05023589304857687,0.04913144672716667,0.04688507656991854,-0.0010238134033117297,0.0,0.0,25.3,55.9,7.591423869469265,0.7648913904341225,-0.6441592666722685,0.050330463835202066
2026-05-13,-18.16527538767451,-10.573851518205243,-0.07052188448367533,0.2985186650250249,0.050330463835202066,42.9,28.8,0.0,17.7,9.02,,35.85,14.099999999999998,0.04921207964526514,0.04920534141222333,0.05037030643736219,0.0011183841899369273,0.0,0.0,25.720000000000002,58.75,7.591423869469265,0.753697664392914,-0.6572212950663319,0.05288258933381173
2026-05-14,-18.535641335323138,-11.085925091253273,-0.0705437983417987,0.2985186650250249,0.05288258933381173,42.8,29.9,0.0,20.7,10.04,,36.349999999999994,12.899999999999999,0.050330463835202066,0.05023589304857687,0.04953717045087007,0.002552125498609663,0.0,0.0,27.36,60.879999999999995,7.449716244069865,0.742280907086982,-0.6700888411055113,0.049539189499583594
2026-05-15,-18.535641335323138,-11.085925091253273,-0.0705437983417987,0.2985186650250249,0.049539189499583594,39.4,27.8,0.0,16.7,8.77,,33.6,11.599999999999998,0.05288258933381173,0.04921207964526514,0.04682601354540568,-0.003343399834228135,0.0,0.0,27.830000000000002,61.37,7.449716244069865,0.7306444969184916,-0.6827580970759147,0.0484097245160653
2026-05-16,-18.535641335323135,-11.085925091253273,-0.07412276802755803,0.2864086602149028,0.0484097245160653,40.6,28.3,0.0,17.9,7.9,,34.45,12.3,0.049539189499583594,0.050330463835202066,0.04913144672716667,-0.0011294649835182913,0.0,0.0,26.71,61.03,7.449716244069862,0.7187918772884232,-0.6952253139408722,0.048697599254922445
2026-05-17,-18.256850797975353,-10.694644297584613,-0.07412276802755803,0.2864086602149028,0.048697599254922445,41.6,29.5,0.0,16.0,8.41,,35.55,12.100000000000001,0.0484097245160653,0.05288258933381173,0.04920534141222333,0.0002878747388571426,0.0,0.0,25.080000000000005,60.84,7.56220650039074,0.7067265555776158,-0.7074868024503348,0.049976444993720094
2026-05-18,-18.256850797975353,-10.694644297584613,-0.07443229556092666,0.28000481992496845,0.049976444993720094,42.5,30.2,0.0,18.5,10.14,,36.35,12.3,0.048697599254922445,0.049539189499583594,0.05023589304857687,0.0012788457387976487,0.0,0.0,26.450000000000003,62.58,7.56220650039074,0.6944521021088763,-0.719538934232584,0.050429296087336095
2026-05-19,-18.153995667392657,-10.374565336982679,-0.07452563363892573,0.27979523018127866,0.050429296087336095,41.8,27.7,0.0,18.5,9.37,,34.75,14.099999999999998,0.049976444993720094,0.0484097245160653,0.04921207964526514,0.000452851093616001,0.0,0.0,27.92,63.65,7.779430330409978,0.6819721490904629,-0.7313781428679254,0.04517027351012989
2026-05-20,-18.153995667392657,-10.374565336982679,-0.07452563363892573,0.27979523018127866,0.04517027351012989,42.0,27.9,0.0,19.3,9.45,,34.95,14.100000000000001,0.050429296087336095,0.048697599254922445,0.050330463835202066,-0.0052590225772062085,0.0,0.0,28.96,64.08,7.779430330409978,0.6692903895412567,-0.7430009249440493,0.04250922636721237
2026-05-21,-18.153995667392657,-10.374565336982679,-0.07819805645338405,0.2706492468014125,0.04250922636721237,41.1,28.1,0.0,14.4,8.18,,34.6,13.0,0.04517027351012989,0.049976444993720094,0.05288258933381173,-0.002661047142917518,0.0,0.0,27.0,62.22,7.779430330409978,0.6564105761979381,-0.7544038410927472,0.04831018801223615
2026-05-22,-18.367809425420162,-10.74581274365875,-0.07819805645338405,0.2706492468014125,0.04831018801223615,41.6,29.0,0.0,15.9,8.71,,35.3,12.600000000000001,0.04250922636721237,0.050429296087336095,0.049539189499583594,0.005800961645023778,0.0,0.0,26.340000000000003,62.16,7.621996681761413,0.6433365204044917,-0.765583517007675,0.048561873121476
2026-05-23,-18.367809425420162,-10.74581274365875,-0.07924918113022629,0.2667823910512606,0.048561873121476,41.6,28.4,0.0,16.7,8.93,,35.0,13.200000000000003,0.04831018801223615,0.04517027351012989,0.0484097245160653,0.00025168510923985477,0.0,0.0,25.82,63.19,7.621996681761413,0.6300720909843687,-0.7765366444428655,0.04817306277324902
2026-05-24,-18.367809425420162,-10.74581274365875,-0.07929022686029755,0.26673643916806966,0.04817306277324902,40.8,29.0,0.0,19.3,8.96,,34.9,11.799999999999997,0.048561873121476,0.04250922636721237,0.048697599254922445,-0.00038881034822697835,0.0,0.0,26.6,63.74,7.621996681761413,0.6166212130956382,-0.7872599821916922,0.04732930749480727
2026-05-25,-18.367809425420162,-10.74581274365875,-0.07929022686029755,0.26673643916806966,0.04732930749480727,41.8,27.0,0.0,21.1,9.21,,34.4,14.799999999999997,0.04817306277324902,0.04831018801223615,0.049976444993720094,-0.0008437552784417504,0.0,0.0,27.1,62.809999999999995,7.621996681761413,0.6029878670694714,-0.7977503570459932,0.049624709927388544
2026-05-26,-18.680618528338336,-11.200990523675092,-0.08263066923858803,0.2582064692241112,0.049624709927388544,41.1,27.8,0.0,17.1,8.39,,34.45,13.3,0.04732930749480727,0.048561873121476,0.050429296087336095,0.0022954024325812714,0.0,0.0,26.560000000000002,61.83,7.479628004663244,0.5891760872322963,-0.8080046647350754,0.0487401327843756
2026-05-27,-18.680618528338336,-11.200990523675092,-0.08263066923858803,0.2582064692241112,0.0487401327843756,41.8,27.8,0.0,19.2,8.7,,34.8,13.999999999999996,0.049624709927388544,0.04817306277324902,0.04517027351012989,-0.0008845771430129462,0.0,0.0,26.3,61.080000000000005,7.479628004663244,0.5751899607119775,-0.8180198708443174,0.04427986910011196
2026-05-28,-18.680618528338336,-11.200990523675092,-0.08263066923858803,0.2582064692241112,0.04427986910011196,42.7,27.6,0.0,24.6,9.62,,35.150000000000006,15.100000000000001,0.0487401327843756,0.04732930749480727,0.04250922636721237,-0.004460263684263638,0.0,0.0,26.71,62.52,7.479628004663244,0.5610336262283677,-0.8277930117131022,0.04306686367781684
2026-05-29,-18.658220801300534,-10.924634076725658,-0.08261302349235157,0.2581993255870809,0.04306686367781684,41.0,28.3,0.0,25.1,9.32,,34.65,12.7,0.04427986910011196,0.049624709927388544,0.04831018801223615,-0.0012130054222951187,0.0,0.0,27.64,63.13,7.7335867245748755,0.5467112728685939,-0.8373211953118121,0.047466726816757746
2026-05-30,-18.658220801300534,-10.924634076725658,-0.08261302349235157,0.2581993255870809,0.047466726816757746,39.9,23.9,1.1,22.8,8.31,,31.9,16.0,0.04306686367781684,0.0487401327843756,0.048561873121476,0.004399863138940904,1.1,1.1,27.25,62.510000000000005,7.7335867245748755,0.5322271388474397,-0.8466016020976267,0.053200295042881915
2026-05-31,-18.386571624669465,-10.391182663030724,-0.0837716640164134,0.25392015877011204,0.053200295042881915,39.8,25.3,0.2,17.5,6.87,,32.55,14.499999999999996,0.047466726816757746,0.04427986910011196,0.04817306277324902,0.005733568226124169,1.3,1.3,24.500000000000004,60.42,7.99538896163874,0.5175855102531889,-0.8556314858488706,0.09228858465571622
2026-06-01,-18.386571624669465,-10.391182663030724,-0.0837716640164134,0.25392015877011204,0.09228858465571622,38.6,26.0,8.1,28.7,7.43,,32.3,12.600000000000001,0.053200295042881915,0.04306686367781684,0.04732930749480727,0.03908828961283431,9.4,9.4,22.610000000000003,58.64,7.99538896163874,0.5027907197793043,-0.8644081744776648,0.13239299564503518
2026-06-02,-18.386571624669465,-10.391182663030724,-0.0837716640164134,0.25392015877011204,0.13239299564503518,37.8,24.7,0.7,16.4,6.38,,31.25,13.099999999999998,0.09228858465571622,0.047466726816757746,0.049624709927388544,0.04010441098931895,9.0,10.1,20.68,56.63,7.99538896163874,0.4878471454423119,-0.8729290708206411,0.09698859657670068
2026-06-03,-18.655421588224726,-10.686706442999716,-0.08389728618653919,0.25371911898026744,0.09698859657670068,39.6,28.4,0.3,14.6,6.87,,34.0,11.200000000000003,0.13239299564503518,0.053200295042881915,0.0487401327843756,-0.035404399068334494,9.1,10.4,20.68,54.8,7.96871514522501,0.47275920928627757,-0.881191653407483,0.07846369921105059
2026-06-04,-18.655421588224726,-10.686706442999716,-0.08389728618653919,0.25371911898026744,0.07846369921105059,39.2,29.1,0.1,19.0,8.13,,34.150000000000006,10.100000000000001,0.09698859657670068,0.09228858465571622,0.04427986910011196,-0.018524897365650092,1.0999999999999999,10.5,21.380000000000003,53.31,7.96871514522501,0.4575313760742512,-0.8891934772070711,0.06543574221657135
2026-06-05,-18.655421588224726,-10.686706442999716,-0.08385101001494731,0.2421367806434561,0.06543574221657135,39.2,29.5,0.0,17.3,7.2,,34.35,9.700000000000003,0.07846369921105059,0.13239299564503518,0.04306686367781684,-0.013027956994479242,0.4,10.5,22.200000000000003,51.190000000000005,7.96871514522501,0.44216815196707204,-0.8969321743510065,0.057332388565532764
2026-06-06,-18.655421588224726,-10.686706442999716,-0.08385101001494731,0.2421367806434561,0.057332388565532764,40.2,29.3,0.0,19.0,7.8,,34.75,10.900000000000002,0.06543574221657135,0.09698859657670068,0.047466726816757746,-0.008103353651038585,0.1,9.4,23.130000000000003,50.68,7.96871514522501,0.42667408318992467,-0.9044054548343001,0.056401487845843784
2026-06-07,-19.05432053419048,-11.277125072025088,-0.08659100695529325,0.23983201973334195,0.056401487845843784,40.2,28.9,0.0,18.0,8.22,,34.55,11.300000000000004,0.057332388565532764,0.07846369921105059,0.053200295042881915,-0.0009309007196889804,0.0,9.2,23.220000000000006,52.03,7.777195462165393,0.4110537546870351,-0.9116111071930239,0.05380250228376985
2026-06-08,-19.05432053419048,-11.277125072025086,-0.0865002249751108,0.2396630862364377,0.05380250228376985,41.3,29.2,0.0,22.7,8.49,,35.25,12.099999999999998,0.056401487845843784,0.06543574221657135,0.09228858465571622,-0.002598985562073934,0.0,1.0999999999999999,24.510000000000005,53.09,7.777195462165395,0.3953117887649151,-0.9185469991587165,0.05228245078980493
2026-06-09,-19.05432053419048,-11.277125072025086,-0.0865002249751108,0.2396630862364377,0.05228245078980493,41.0,29.0,0.0,22.9,8.66,,35.0,12.0,0.05380250228376985,0.057332388565532764,0.13239299564503518,-0.001520051493964919,0.0,0.4,25.370000000000005,55.370000000000005,7.777195462165395,0.37945284372454435,-0.925211078289358,0.05338562208774549
2026-06-10,-18.772662041136623,-10.623420687351468,-0.08609865130149594,0.23049700928524341,0.05338562208774549,41.2,29.6,0.0,23.7,9.09,,35.400000000000006,11.600000000000001,0.05228245078980493,0.056401487845843784,0.09698859657670068,0.0011031712979405611,0.0,0.1,26.240000000000006,57.59,8.149241353785156,0.36348161248290634,-0.9316013725767187,0.05502906053119705
2026-06-11,-18.772662041136623,-10.623420687351468,-0.08609865130149594,0.23049700928524341,0.05502906053119705,41.2,29.4,0.0,23.6,8.67,,35.3,11.800000000000004,0.05338562208774549,0.05380250228376985,0.07846369921105059,0.0016434384434515573,0.0,0.0,26.42,58.13,8.149241353785156,0.3474028211842774,-0.9377159910299093,0.05524700282411291
2026-06-12,-18.670160582500753,-10.184772805779906,-0.0875664042235365,0.22791973159113907,0.05524700282411291,41.6,29.3,0.0,23.1,9.15,,35.45,12.3,0.05502906053119705,0.05228245078980493,0.06543574221657135,0.00021794229291586392,0.0,0.0,26.910000000000004,60.08,8.485387776720847,0.3312212278016865,-0.9435531242349544,0.053455282212495465
2026-06-13,-18.670160582500753,-10.184772805779906,-0.08749478147883684,0.22781678267198657,0.053455282212495465,40.3,28.9,0.0,24.9,8.22,,34.599999999999994,11.399999999999999,0.05524700282411291,0.05338562208774549,0.057332388565532764,-0.0017917206116174478,0.0,0.0,26.040000000000006,60.5,8.485387776720847,0.31494162072895193,-0.9491110448902284,0.05366524078684211
2026-06-14,-18.670160582500753,-10.184772805779906,-0.08749478147883684,0.22781678267198657,0.05366524078684211,39.9,28.7,0.5,24.4,8.58,,34.3,11.2,0.053455282212495465,0.05502906053119705,0.056401487845843784,0.00020995857434664283,0.5,0.5,25.950000000000003,60.86,8.485387776720847,0.2985688173637202,-0.9543881083175908,0.0521727209075759
2026-06-15,-18.978860620292355,-10.721398741717893,-0.0876636903780582,0.21796316611307226,0.0521727209075759,37.5,28.7,0.1,23.1,7.71,,33.1,8.8,0.05366524078684211,0.05524700282411291,0.05380250228376985,-0.0014925198792662062,0.6,0.6,24.510000000000005,60.08,8.257461878574462,0.2821076626819194,-0.9593827529490743,0.05359637580637199
2026-06-16,-18.978860620292355,-10.721398741717893,-0.0876636903780582,0.21796316611307226,0.05359637580637199,38.2,28.6,0.2,17.7,6.71,,33.400000000000006,9.600000000000001,0.0521727209075759,0.053455282212495465,0.05228245078980493,0.0014236548987960895,0.8,0.8,23.000000000000007,58.13,8.257461878574462,0.26556302780405594,-0.9640935007889755,0.06299085939646144
2026-06-17,-18.978860620292355,-10.721398741717893,-0.0876636903780582,0.21796316611307226,0.06299085939646144,39.0,28.7,2.3,20.3,7.61,,33.85,10.3,0.05359637580637199,0.05366524078684211,0.05338562208774549,0.009394483590089452,2.5999999999999996,3.0999999999999996,22.030000000000005,56.65,8.257461878574462,0.24893980855376657,-0.9685189578512204,0.10448849788996638
2026-06-18,-18.978860620292355,-10.721398741717893,-0.08757703152543181,0.21778778654020703,0.10448849788996638,38.3,24.5,1.4,26.3,6.66,,31.4,13.799999999999997,0.06299085939646144,0.0521727209075759,0.05502906053119705,0.041497638493504935,3.8999999999999995,4.5,20.980000000000004,54.64,8.257461878574462,0.23224292400907015,-0.9726578145718654,0.10316822426228622
2026-06-19,-18.815362966183123,-10.539856920411577,-0.08757703152543181,0.21778778654020703,0.10316822426228622,38.7,26.8,0.9,18.9,7.59,,32.75,11.900000000000002,0.10448849788996638,0.05359637580637199,0.05524700282411291,-0.0013202736276801547,4.6,5.3999999999999995,21.860000000000003,53.08,8.275506045771547,0.21547731504673012,-0.976508846196619,0.08962721451873606
2026-06-20,-18.815362966183123,-10.539856920411577,-0.08416316543859616,0.20426257634978826,0.08962721451873606,38.8,28.7,0.1,21.1,7.99,,33.75,10.099999999999998,0.10316822426228622,0.06299085939646144,0.053455282212495465,-0.013541009743550159,2.4,5.5,22.240000000000006,52.85,8.275506045771547,0.19864794288017112,-0.9800709131432666,0.0744047742880867
2026-06-21,-18.815362966183123,-10.539856920411577,-0.08416316543859616,0.20426257634978826,0.0744047742880867,38.8,28.9,0.1,18.6,7.96,,33.849999999999994,9.899999999999999,0.08962721451873606,0.10448849788996638,0.05366524078684211,-0.015222440230649364,1.1,5.1,23.540000000000006,52.23,8.275506045771547,0.18175978759137534,-0.9833429613388902,0.06457293212950661
2026-06-22,-18.379085385054267,-9.971243889830943,-0.08416316543859616,0.20426257634978826,0.06457293212950661,39.1,29.0,0.0,20.1,7.99,,34.05,10.100000000000001,0.0744047742880867,0.10316822426228622,0.0521727209075759,-0.009831842158580087,0.2,5.0,23.940000000000005,52.510000000000005,8.407841495223325,0.16481784665719793,-0.9863240225317866,0.06420534182648534
2026-06-23,-18.379085385054267,-9.971243889830943,-0.08413930199885476,0.20398451587070768,0.06420534182648534,38.9,29.5,0.3,15.9,7.69,,34.2,9.399999999999999,0.06457293212950661,0.08962721451873606,0.05359637580637199,-0.0003675903030212757,0.4,5.1,23.640000000000004,53.49,8.407841495223325,0.14782713347053048,-0.9890132145779883,0.06181240302804531
2026-06-24,-18.355518317893576,-9.793923924443424,-0.08413930199885476,0.20398451587070768,0.06181240302804531,39.0,29.3,0.4,22.0,8.44,,34.15,9.7,0.06420534182648534,0.0744047742880867,0.06299085939646144,-0.0023929387984400266,0.7,3.2,24.120000000000005,54.32000000000001,8.561594393450152,0.13079267585675922,-0.9914097417023038,0.06555147167458565
2026-06-25,-18.355518317893576,-9.793923924443424,-0.08132928915480012,0.19290459141877103,0.06555147167458565,38.5,29.1,0.0,23.0,8.21,,33.8,9.399999999999999,0.06181240302804531,0.06457293212950661,0.10448849788996638,0.0037390686465403403,0.7,1.8,24.340000000000003,55.870000000000005,8.561594393450152,0.11371951458594969,-0.9935128947338007,0.07526757478150568
2026-06-26,-18.62444434292704,-10.21373710216998,-0.08132928915480012,0.19290459141877103,0.07526757478150568,38.6,29.4,0.0,17.7,7.66,,34.0,9.200000000000003,0.06555147167458565,0.06420534182648534,0.10316822426228622,0.009716103106920032,0.39999999999999997,0.9,24.310000000000002,55.940000000000005,8.410707240757059,0.0966127018812031,-0.9953220513156602,0.07398477778993573
2026-06-27,-18.662399703425187,-10.421516738533768,-0.08713577426568091,0.20332308903175764,0.07398477778993573,39.0,29.7,0.1,16.3,7.74,,34.35,9.3,0.07526757478150568,0.06181240302804531,0.08962721451873606,-0.0012827969915699539,0.09999999999999995,0.9,23.610000000000003,55.690000000000005,8.24088296489142,0.07947729992362097,-0.9968366760893436,0.06894790666480412
2026-06-28,-18.662399703425187,-10.421516738533768,-0.08698652389371832,0.20295056867962913,0.06894790666480412,39.3,29.9,0.0,19.0,8.23,,34.599999999999994,9.399999999999999,0.07398477778993573,0.06555147167458565,0.0744047742880867,-0.005036871125131612,0.09999999999999995,0.8,23.630000000000003,55.96,8.24088296489142,0.062318379354325076,-0.998056320853012,0.06587040111589207
2026-06-29,-18.662399703425187,-10.421516738533768,-0.08698652389371832,0.20295056867962913,0.06587040111589207,39.2,29.8,0.0,17.1,8.31,,34.5,9.400000000000002,0.06894790666480412,0.07526757478150568,0.06457293212950661,-0.003077505548912049,0.09999999999999995,0.8,24.28,56.28,8.24088296489142,0.04514101777397193,-0.9989806246941579,0.06461606045651527
2026-06-30,-18.662399703425187,-10.421516738533768,-0.08704659745954828,0.2033225187382273,0.06461606045651527,38.1,29.6,0.1,20.8,6.94,,33.85,8.5,0.06587040111589207,0.07398477778993573,0.06420534182648534,-0.0012543406593767958,0.09999999999999995,0.6000000000000001,23.48,55.53,8.24088296489142,0.02795029824021032,-0.999609314096404,0.07017534356562441
2026-07-01,-18.712881270743523,-10.27930624684758,-0.08704659745954828,0.2033225187382273,0.07017534356562441,38.1,29.6,1.1,26.6,7.07,,33.85,8.5,0.06461606045651527,0.06894790666480412,0.06181240302804531,0.005559283109109137,1.2,1.3000000000000003,22.320000000000004,54.160000000000004,8.433575023895942,0.01075130776352193,-0.9999422030204416,0.15300424205177812
2026-07-02,-18.712881270743523,-10.27930624684758,-0.08313971913087716,0.1979301625042844,0.15300424205177812,38.4,28.2,3.2,23.3,6.1,,33.3,10.2,0.07017534356562441,0.06587040111589207,0.06555147167458565,0.08282889848615371,4.4,4.5,20.110000000000003,52.050000000000004,8.433575023895942,-0.00645086419810515,-0.9999791929590823,0.2421527188903658
2026-07-03,-18.712881270743523,-10.27930624684758,-0.08357754859700542,0.1987788631374926,0.2421527188903658,35.7,27.2,1.6,21.4,4.2,,31.450000000000003,8.500000000000004,0.15300424205177812,0.06461606045651527,0.07526757478150568,0.08914847683858768,5.9,6.1000000000000005,17.37,48.59,8.433575023895942,-0.023651127245231586,-0.9997202729664083,0.2462038239824599
2026-07-04,-18.93185483068306,-10.467914678564659,-0.08357754859700542,0.1987788631374926,0.2462038239824599,32.8,26.1,7.1,14.4,3.2,,29.45,6.699999999999996,0.2421527188903658,0.07017534356562441,0.07398477778993573,0.004051105092094109,11.899999999999999,13.100000000000001,13.5,44.05,8.463940152118402,-0.04084439154329611,-0.9991655196610109,0.2453387562389434
2026-07-05,-18.93185483068306,-10.467914678564659,-0.08260933045791223,0.19625823390456723,0.2453387562389434,34.8,25.5,12.3,14.6,4.13,,30.15,9.299999999999997,0.2462038239824599,0.15300424205177812,0.06894790666480412,-0.0008650677435164955,21.0,25.400000000000002,11.530000000000001,39.95,8.463940152118402,-0.05802556932878035,-0.9983150972033183,0.22722804482344477
2026-07-06,-18.93185483068306,-10.467914678564659,-0.08260933045791223,0.19625823390456723,0.22722804482344477,35.4,26.9,14.8,20.1,4.09,,31.15,8.5,0.2453387562389434,0.2421527188903658,0.06587040111589207,-0.018110711415498637,34.2,40.2,11.420000000000002,35.730000000000004,8.463940152118402,-0.07518957641475855,-0.9971692572470178,0.2512249453925242
2026-07-07,-18.93185483068306,-10.467914678564659,-0.08260933045791223,0.19625823390456723,0.2512249453925242,31.2,25.9,13.1,17.3,2.24,,28.549999999999997,5.300000000000001,0.22722804482344477,0.2462038239824599,0.06461606045651527,0.023996900569079438,40.199999999999996,53.2,10.460000000000003,31.03,8.463940152118402,-0.09233133369539122,-0.9957283388645872,0.22077413441213797
2026-07-08,-18.383936215094995,-10.275684844795128,-0.08260956476145226,0.19626091651181168,0.22077413441213797,34.5,27.6,0.4,19.5,4.74,,31.05,6.899999999999999,0.2512249453925242,0.2453387562389434,0.07017534356562441,-0.03045081098038624,28.3,52.5,11.070000000000002,28.7,8.108251370299866,-0.10944576864891556,-0.993992768446958,0.18906004197978862
2026-07-09,-18.407529964790655,-10.418875834722396,-0.08260956476145226,0.19626091651181168,0.18906004197978862,36.1,27.7,0.3,22.8,6.39,,31.9,8.400000000000002,0.22077413441213797,0.22722804482344477,0.15300424205177812,-0.03171409243234935,13.799999999999997,49.6,13.370000000000001,28.990000000000002,7.988654130068259,-0.12652781683868314,-0.9919630595773397,0.16668913285767428
2026-07-10,-18.407529964790655,-10.418875834722396,-0.08311091724906337,0.19788938116067994,0.16668913285767428,36.5,27.8,0.4,24.5,6.33,,32.15,8.7,0.18906004197978862,0.2512249453925242,0.2421527188903658,-0.02237090912211434,1.0999999999999983,48.400000000000006,17.46,31.119999999999997,7.988654130068259,-0.1435724234118113,-0.9896398128792412,0.15293562251347712
2026-07-11,-17.738776054136192,-9.913393147052838,-0.08311091724906337,0.19788938116067994,0.15293562251347712,36.6,27.6,0.8,26.7,7.03,,32.1,9.0,0.16668913285767428,0.22077413441213797,0.2462038239824599,-0.013753510344197167,1.4999999999999982,42.1,19.75,34.95,7.825382907083354,-0.16057454459499376,-0.9870237158387383,0.126780902881127
2026-07-12,-17.738776054136192,-9.913393147052838,-0.08311091724906337,0.19788938116067994,0.126780902881127,37.8,27.8,0.2,26.3,7.66,,32.8,9.999999999999996,0.15293562251347712,0.18906004197978862,0.2453387562389434,-0.02615471963235011,1.3999999999999984,30.000000000000004,21.020000000000003,38.480000000000004,7.825382907083354,-0.17752914918703497,-0.984115542601034,0.11542048865523087
2026-07-13,-17.92562158497281,-9.964134317873281,-0.08310700809468945,0.19789013891488888,0.11542048865523087,37.0,27.8,0.0,25.2,7.81,,32.4,9.2,0.126780902881127,0.16668913285767428,0.22722804482344477,-0.011360414225896134,0.9999999999999984,15.200000000000001,22.500000000000004,42.199999999999996,7.961487267099528,-0.19443122004766195,-0.9809161537413774,0.10489086209724742
2026-07-14,-17.92562158497281,-9.964134317873281,-0.08310700809468945,0.19789013891488888,0.10489086209724742,35.3,27.2,1.0,22.4,6.57,,31.25,8.099999999999998,0.11542048865523087,0.15293562251347712,0.2512249453925242,-0.010529626557983451,1.1999999999999984,3.100000000000002,22.040000000000003,46.53,7.961487267099528,-0.2112757555821793,-0.9774264960104055,0.13101061167329836
2026-07-15,-17.92562158497281,-9.964134317873281,-0.09969106881665314,0.21692431359446307,0.13101061167329836,34.8,26.4,4.6,17.3,6.1,,30.599999999999998,8.399999999999999,0.10489086209724742,0.126780902881127,0.22077413441213797,0.02611974957605094,5.599999999999998,7.300000000000002,20.48,47.89,7.961487267099528,-0.2280577712215198,-0.9736476020539838,0.14308798924349542
2026-07-16,-17.548875751489554,-9.935001453649091,-0.09969106881665314,0.21692431359446307,0.14308798924349542,35.0,27.1,0.8,17.7,6.33,,31.05,7.899999999999999,0.13101061167329836,0.11542048865523087,0.18906004197978862,0.012077377570197056,6.399999999999998,7.800000000000002,19.000000000000004,47.83,7.6138742978404625,-0.24477230089725957,-0.9695805901076308,0.1159908168978778
2026-07-17,-17.548875751489554,-9.935001453649091,-0.09969106881665314,0.21692431359446307,0.1159908168978778,35.5,26.6,0.3,15.7,6.6,,31.05,8.899999999999999,0.14308798924349542,0.10489086209724742,0.16668913285767428,-0.02709717234561762,5.6999999999999975,7.700000000000001,19.03,48.1,7.6138742978404625,-0.2614143985111562,-0.965226663665613,0.11846179201628185
2026-07-18,-17.548875751489554,-9.935001453649091,-0.10025874529493707,0.21771950575258617,0.11846179201628185,33.8,27.4,1.3,16.6,6.17,,30.599999999999998,6.399999999999999,0.1159908168978778,0.13101061167329836,0.15293562251347712,0.0024709751184040507,2.3999999999999986,8.200000000000001,19.1,47.24,7.6138742978404625,-0.2779791393987801,-0.9605871111248129,0.12259286840525661
2026-07-19,-17.548875751489554,-9.935001453649091,-0.10025874529493707,0.21771950575258617,0.12259286840525661,34.5,27.4,0.0,18.0,5.77,,30.95,7.100000000000001,0.11846179201628185,0.14308798924349542,0.126780902881127,0.0041310763889747665,1.5999999999999983,8.0,18.540000000000003,45.349999999999994,7.6138742978404625,-0.2944616217868012,-0.9556633054034704,0.12069333215199589
2026-07-20,-17.855794925949393,-10.042411237392363,-0.1041803307341612,0.22215152990121265,0.12069333215199589,32.8,27.2,1.3,15.7,3.72,,30.0,5.599999999999998,0.12259286840525661,0.1159908168978778,0.11542048865523087,-0.0018995362532607252,2.5999999999999983,9.3,15.66,41.26,7.81338368855703,-0.3108569682435036,-0.9504567035349151,0.14492127751004377
2026-07-21,-17.855794925949393,-10.042411237392363,-0.1041803307341612,0.22215152990121265,0.14492127751004377,32.5,26.4,6.4,15.2,3.95,,29.45,6.100000000000001,0.12069333215199589,0.11846179201628185,0.10489086209724742,0.024227945358047884,7.699999999999998,14.700000000000001,13.440000000000003,38.64,7.81338368855703,-0.3271603271220951,-0.9449688462364056,0.13792992557651462
2026-07-22,-17.855794925949393,-10.042411237392363,-0.06974555828043671,0.04037271825993647,0.13792992557651462,31.9,27.1,5.8,13.6,3.32,,29.5,4.799999999999997,0.14492127751004377,0.12259286840525661,0.13101061167329836,-0.00699135193352915,13.499999999999998,15.900000000000002,10.990000000000002,35.86,7.81338368855703,-0.34336687399638804,-0.939201357453208,0.266189284422817
2026-07-23,-18.08726794718608,-10.163802983037522,-0.12108941030502318,0.17254609286785122,0.266189284422817,27.8,25.6,41.1,16.6,1.43,,26.700000000000003,2.1999999999999993,0.13792992557651462,0.12069333215199589,0.14308798924349542,0.12825935884630235,53.3,56.2,8.700000000000001,30.96,7.923464964148559,-0.3594718130884232,-0.9331559438780432,0.2891316347242311
2026-07-24,-18.08726794718608,-10.163802983037522,-0.12108941030502318,0.17254609286785122,0.2891316347242311,29.7,24.8,19.6,21.9,2.18,,27.25,4.899999999999999,0.266189284422817,0.14492127751004377,0.1159908168978778,0.022942350301414116,66.5,75.5,6.930000000000002,26.54,7.923464964148559,-0.3754703786876202,-0.9268343944460494,0.28480103925220046
2026-07-25,-17.95770740528953,-10.029893018676974,-0.12108941030502318,0.17254609286785122,0.28480103925220046,27.9,24.5,58.8,22.6,2.4,,26.2,3.3999999999999986,0.2891316347242311,0.13792992557651462,0.11846179201628185,-0.0043305954720306294,119.5,133.0,6.010000000000002,22.77,7.927814386612555,-0.3913578365610259,-0.9202385798054075,0.28507259835597953
2026-07-26,-17.95770740528953,-10.029893018676974,-0.12108941030502318,0.17254609286785122,0.28507259835597953,31.1,25.3,14.5,19.2,2.41,,28.200000000000003,5.800000000000001,0.28480103925220046,0.266189284422817,0.12259286840525661,0.0002715591037790732,92.89999999999999,147.5,6.990000000000002,19.41,7.927814386612555,-0.4071294853542516,-0.9133704517637858,0.27146192455331875
2026-07-27,-17.95770740528953,-10.029893018676974,-0.12108941030502318,0.17254609286785122,0.27146192455331875,30.9,24.6,19.7,15.6,3.41,,27.75,6.299999999999997,0.28507259835597953,0.2891316347242311,0.12069333215199589,-0.013610673802660789,92.99999999999999,165.9,8.220000000000002,19.1,7.927814386612555,-0.4227806579826773,-0.9062320427107697,0.2630596268971133
2026-07-28,-17.075137474653918,-9.376806257637671,-0.12108941030502318,0.17254609286785122,0.2630596268971133,32.2,26.2,0.5,17.0,4.34,,29.200000000000003,6.0000000000000036,0.27146192455331875,0.28480103925220046,0.14492127751004377,-0.008402297656205426,34.69999999999999,160.0,10.160000000000002,19.490000000000002,7.698331217016246,-0.4383067230125192,-0.898825465016444,0.25996595168897185
2026-07-29,-17.11386610842752,-9.32923653363661,-0.12108941030502318,0.17254609286785122,0.25996595168897185,32.3,26.7,0.7,11.4,3.78,,29.5,5.599999999999998,0.2630596268971133,0.28507259835597953,0.13792992557651462,-0.0030936752081414665,20.89999999999999,154.9,11.530000000000001,19.95,7.784629574790909,-0.45370308603134424,-0.8911529104063088,0.27059737859085664
2026-07-30,-17.11386610842752,-9.32923653363661,-0.12108941030502318,0.17254609286785122,0.27059737859085664,33.8,26.9,0.7,10.7,4.04,,30.349999999999998,6.899999999999999,0.25996595168897185,0.27146192455331875,0.266189284422817,0.010631426901884788,1.8999999999999928,114.5,12.160000000000002,22.560000000000002,7.784629574790909,-0.46896519100763184,-0.8832166493127127,0.307010706795462
2026-07-31,-17.11386610842752,-9.32923653363661,-0.12108941030502318,0.17254609286785122,0.307010706795462,33.7,26.4,21.6,19.3,3.76,,30.05,7.300000000000004,0.27059737859085664,0.2630596268971133,0.2891316347242311,0.036413328204605355,22.999999999999993,116.5,11.580000000000002,24.14,7.784629574790909,-0.48408852163897587,-0.8750190302029955,0.33236684171938496
2026-08-01,-16.49835525901879,-9.290509216995991,-0.12108941030502318,0.17254609286785122,0.33236684171938496,30.9,25.5,49.7,17.8,2.64,,28.2,5.399999999999999,0.307010706795462,0.25996595168897185,0.28480103925220046,0.02535613492392297,72.0,107.4,10.440000000000003,24.380000000000003,7.207846042022799,-0.4990686026885319,-0.8665624788845385,0.3133167033028889
2026-08-02,-16.49835525901879,-9.290509216995991,-0.12108941030502318,0.17254609286785122,0.3133167033028889,31.3,25.1,2.8,16.5,3.95,,28.200000000000003,6.199999999999999,0.33236684171938496,0.27059737859085664,0.28507259835597953,-0.019050138416496054,74.1,95.7,10.350000000000001,25.92,7.207846042022799,-0.5139010013093103,-0.8578494977869301,0.296545993145487
2026-08-03,-16.49835525901879,-9.290509216995991,-0.12108941030502318,0.17254609286785122,0.296545993145487,30.8,26.3,1.1,15.4,3.89,,28.55,4.5,0.3133167033028889,0.307010706795462,0.27146192455331875,-0.01677071015740189,53.6,77.1,10.480000000000002,26.400000000000002,7.207846042022799,-0.5285813283559292,-0.8488826652214553,0.2857023988600875
2026-08-04,-16.069751732175735,-8.702920885177177,-0.12108941030502318,0.17254609286785122,0.2857023988600875,32.7,26.1,0.7,13.8,4.92,,29.400000000000002,6.600000000000001,0.296545993145487,0.33236684171938496,0.2630596268971133,-0.010843594285399494,4.6,77.3,12.760000000000002,26.980000000000004,7.366830846998559,-0.5431052396834317,-0.8396646346181327,0.2921611761266284
2026-08-05,-16.069751732175735,-8.702920885177177,-0.12108941030502318,0.17254609286785122,0.2921611761266284,32.7,26.2,1.5,14.0,4.94,,29.450000000000003,6.5000000000000036,0.2857023988600875,0.3133167033028889,0.25996595168897185,0.006458777266540872,3.3,78.1,13.750000000000004,28.14,7.366830846998559,-0.5574684374327892,-0.8301981337405212,0.274216555071493
2026-08-06,-16.29195808726591,-8.829176965393238,-0.12108941030502318,0.17254609286785122,0.274216555071493,33.0,26.0,0.5,20.0,4.82,,29.5,7.0,0.2921611761266284,0.296545993145487,0.27059737859085664,-0.01794462105513539,2.7,77.9,14.680000000000003,28.92,7.462781121872673,-0.5716666713027052,-0.8204859638785327,0.27047688761707767
2026-08-07,-16.29195808726591,-8.829176965393238,-0.11906525266170499,0.17499447000026702,0.27047688761707767,33.4,25.6,0.1,18.9,5.54,,29.5,7.799999999999997,0.274216555071493,0.2857023988600875,0.307010706795462,-0.0037396674544153408,2.0999999999999996,56.4,15.300000000000002,30.700000000000003,7.462781121872673,-0.5856957398073508,-0.8105309990194823,0.2491716772043551
2026-08-08,-16.29195808726591,-8.829176965393238,-0.11906525266170499,0.17499447000026702,0.2491716772043551,32.9,26.1,0.7,15.1,5.09,,29.5,6.799999999999997,0.27047688761707767,0.2921611761266284,0.33236684171938496,-0.02130521041272257,1.2999999999999998,7.399999999999992,15.450000000000003,33.15,7.462781121872673,-0.5995514915196489,-0.8003361849976323,0.23969841371411613
2026-08-09,-16.417300643521138,-8.955178350323107,-0.03924963176250458,0.24726779425144194,0.23969841371411613,32.8,26.3,1.1,15.0,5.35,,29.549999999999997,6.4999999999999964,0.2491716772043551,0.274216555071493,0.3133167033028889,-0.00947326349023897,1.9,5.699999999999993,15.980000000000002,34.55,7.46212229319803,-0.6132298262997502,-0.7899045386224707,0.2392352522525719
2026-08-10,-16.491219680974197,-9.012719505310214,-0.03924963176250458,0.24726779425144194,0.2392352522525719,30.0,26.5,5.5,15.1,2.49,,28.25,3.5,0.23969841371411613,0.27047688761707767,0.296545993145487,-0.000463161461544237,7.3,10.099999999999993,12.930000000000001,33.15,7.478500175663983,-0.6267266965083301,-0.7792391467859886,0.2522268353223116
2026-08-11,-16.491219680974197,-9.012719505310214,-0.03924963176250458,0.24726779425144194,0.2522268353223116,29.6,25.7,3.7,16.2,3.73,,27.65,3.900000000000002,0.2392352522525719,0.2491716772043551,0.2857023988600875,0.012991583069739715,10.3,13.099999999999994,11.570000000000002,31.959999999999997,7.478500175663983,-0.6400381082043503,-0.7683431655492202,0.27573823782520507
2026-08-12,-16.491219680974197,-9.012719505310214,-0.03924963176250458,0.24726779425144194,0.27573823782520507,28.2,25.1,6.4,14.3,1.74,,26.65,3.099999999999998,0.2522268353223116,0.23969841371411613,0.2921611761266284,0.023511402502893464,15.600000000000001,17.999999999999993,7.960000000000002,28.76,7.478500175663983,-0.65316012232693,-0.7572198192083127,0.29576346799723885
2026-08-13,-16.063384773700932,-8.663687057814341,-0.03924963176250458,0.24726779425144194,0.29576346799723885,31.3,25.1,1.3,13.5,4.17,,28.200000000000003,6.199999999999999,0.27573823782520507,0.2392352522525719,0.274216555071493,0.02002523017203378,11.4,18.799999999999994,9.64,28.11,7.399697715886591,-0.666088855860977,-0.7458723993404063,0.27854316123143336
2026-08-14,-16.063384773700932,-8.663687057814341,-0.03924963176250458,0.24726779425144194,0.27854316123143336,30.7,25.5,4.2,17.2,4.09,,28.1,5.199999999999999,0.29576346799723885,0.2522268353223116,0.27047688761707767,-0.017220306765805493,11.9,22.89999999999999,10.0,26.66,7.399697715886591,-0.6788204829862355,-0.734304263829602,0.2712333846446796
2026-08-15,-16.063384773700932,-8.663687057814341,-0.03924963176250458,0.24726779425144194,0.2712333846446796,32.0,25.9,1.5,13.0,4.75,,28.95,6.100000000000001,0.27854316123143336,0.27573823782520507,0.2491716772043551,-0.007309776586753747,7.0,23.699999999999992,13.010000000000002,26.32,7.399697715886591,-0.6913512362094071,-0.722518835873311,0.2609249214706924
2026-08-16,-16.182478188827716,-8.564123416070707,-0.03924963176250458,0.24726779425144194,0.2609249214706924,31.4,26.0,1.4,13.3,4.26,,28.7,5.399999999999999,0.2712333846446796,0.29576346799723885,0.23969841371411613,-0.010308463173987203,7.1,23.999999999999996,13.100000000000001,25.23,7.618354772757009,-0.7036774074790128,-0.7105196029692745,0.25328605831418666
2026-08-17,-16.182478188827716,-8.564123416070707,-0.03924963176250458,0.24726779425144194,0.25328605831418666,31.6,25.5,1.5,17.5,4.64,,28.55,6.100000000000001,0.2609249214706924,0.27854316123143336,0.2392352522525719,-0.0076388631565057485,4.4,19.999999999999993,13.650000000000002,27.380000000000003,7.618354772757009,-0.7157953492826642,-0.6983101158835584,0.2455718544737061
2026-08-18,-16.105627116145147,-8.392472712108642,-0.03924963176250458,0.24726779425144194,0.2455718544737061,32.1,25.4,0.6,18.7,4.9,,28.75,6.700000000000003,0.25328605831418666,0.2712333846446796,0.2522268353223116,-0.007714203840480549,3.5,16.89999999999999,13.800000000000002,28.55,7.713154404036505,-0.7277014757264236,-0.6858939875998223,0.22013999657572866
2026-08-19,-16.105627116145147,-8.392472712108642,-0.03924963176250458,0.24726779425144194,0.22013999657572866,32.8,26.0,0.8,17.8,5.34,,29.4,6.799999999999997,0.2455718544737061,0.2609249214706924,0.27573823782520507,-0.025431857897977445,2.9,11.299999999999994,14.880000000000003,32.15,7.713154404036505,-0.7393922635959241,-0.673274892250183,0.20723608979538832
2026-08-20,-16.105627116145147,-8.392472712108642,-0.03924963176250458,0.24726779425144194,0.20723608979538832,32.3,24.9,0.4,18.5,4.75,,28.599999999999998,7.399999999999999,0.22013999657572866,0.25328605831418666,0.29576346799723885,-0.01290390678034034,1.8,10.399999999999993,14.990000000000002,32.730000000000004,7.713154404036505,-0.7508642533989489,-0.6604565640279754,0.19968487598288828
2026-08-21,-15.917298374218982,-8.233259963310207,-0.03924963176250458,0.24726779425144194,0.19968487598288828,31.5,26.1,1.5,14.5,4.33,,28.8,5.399999999999999,0.20723608979538832,0.2455718544737061,0.27854316123143336,-0.0075512138125000405,2.7,7.699999999999993,14.420000000000002,32.97,7.684038410908775,-0.7621140503891487,-0.6474427960827475,0.19589223057447566
2026-08-22,-15.998698427351426,-8.304434653904918,-0.03924963176250458,0.24726779425144194,0.19589223057447566,32.1,25.6,1.2,14.4,4.57,,28.85,6.5,0.19968487598288828,0.22013999657572866,0.2712333846446796,-0.0037926454084126204,3.0999999999999996,7.399999999999993,13.650000000000002,32.79,7.694263773446508,-0.7731383255706026,-0.6342374393978054,0.18764414007529448
2026-08-23,-15.998698427351426,-8.304434653904918,-0.03924963176250458,0.24726779425144194,0.18764414007529448,31.3,25.3,0.2,15.5,4.15,,28.3,6.0,0.19589223057447566,0.20723608979538832,0.2609249214706924,-0.008248090499181182,2.9,6.199999999999992,13.050000000000002,32.68,7.694263773446508,-0.7839338166829201,-0.620844401650647,0.18414321905650038
2026-08-24,-15.998698427351426,-8.304434653904918,-0.03924963176250458,0.24726779425144194,0.18414321905650038,31.7,25.8,0.2,12.0,4.28,,28.75,5.899999999999999,0.18764414007529448,0.19968487598288828,0.25328605831418666,-0.0035009210187940953,1.6,4.899999999999992,13.000000000000004,32.32,7.694263773446508,-0.7944973291665992,-0.6072676460566135,0.18192405302689996
2026-08-25,-16.121140705015044,-8.565515724523465,-0.03924963176250458,0.24726779425144194,0.18192405302689996,32.0,26.0,0.3,13.9,4.64,,29.0,6.0,0.18414321905650038,0.19589223057447566,0.2455718544737061,-0.002219166029600428,0.7,4.5999999999999925,13.070000000000002,32.06,7.555624980491579,-0.8048257371083452,-0.593511190196115,0.1779931966979752
2026-08-26,-16.121140705015044,-8.565515724523465,-0.03924963176250458,0.24726779425144194,0.1779931966979752,32.4,26.2,0.6,16.2,5.06,,29.299999999999997,6.199999999999999,0.18192405302689996,0.18764414007529448,0.22013999657572866,-0.003930856328924759,1.1,4.399999999999993,13.98,31.78,7.555624980491579,-0.8149159841660791,-0.5795791048257612,0.17381391347215683
2026-08-27,-16.121140705015044,-8.565515724523465,-0.03924963176250458,0.24726779425144194,0.17381391347215683,32.7,26.1,0.6,16.3,5.15,,29.400000000000002,6.600000000000001,0.1779931966979752,0.18414321905650038,0.20723608979538832,-0.00417928322581837,1.5,4.5999999999999925,14.850000000000001,32.18,7.555624980491579,-0.8247650844733614,-0.5654755126737576,0.16805357238959756
2026-08-28,-16.630695902759456,-9.002916976404158,-0.03924963176250458,0.24726779425144194,0.16805357238959756,32.5,25.3,0.3,17.5,5.15,,28.9,7.199999999999999,0.17381391347215683,0.18192405302689996,0.19968487598288828,-0.005760341082559267,1.5,3.399999999999993,15.360000000000003,33.0,7.6277789263552975,-0.8343701235229538,-0.5512045872199277,0.1621817648735281
2026-08-29,-16.630695902759456,-9.002916976404158,-0.03924963176250458,0.24726779425144194,0.1621817648735281,33.2,25.5,0.1,20.5,5.55,,29.35,7.700000000000003,0.16805357238959756,0.1779931966979752,0.19589223057447566,-0.005871807516069472,1.0,2.2999999999999927,15.850000000000003,33.980000000000004,7.6277789263552975,-0.8437282590292712,-0.5367705514607103,0.15859972730044458
2026-08-30,-16.707379616484474,-9.05583590039911,-0.03924963176250458,0.24726779425144194,0.15859972730044458,32.4,25.7,0.9,21.7,5.03,,29.049999999999997,6.699999999999999,0.1621817648735281,0.17381391347215683,0.18764414007529448,-0.0035820375730835075,1.3000000000000003,2.999999999999993,15.730000000000004,34.86,7.651543716085364,-0.8528367217694595,-0.522177676659508,0.15430591611399405
2026-08-31,-16.707379616484474,-9.05583590039911,-0.03924963176250458,0.24726779425144194,0.15430591611399405,31.5,25.4,1.1,20.4,4.88,,28.45,6.100000000000001,0.15859972730044458,0.16805357238959756,0.18414321905650038,-0.00429381118645053,2.1000000000000005,3.8999999999999932,15.46,35.46,7.651543716085364,-0.8616928164028522,-0.5074302810827518,0.14991389075685915
2026-09-01,-16.707379616484474,-9.05583590039911,-0.03924963176250458,0.24726779425144194,0.14991389075685915,31.6,25.1,0.7,16.3,4.54,,28.35,6.5,0.15430591611399405,0.1621817648735281,0.18192405302689996,-0.004392025357134899,2.7,4.299999999999993,14.450000000000003,35.36,7.651543716085364,-0.8702939222685674,-0.49253272872205434,0.14586712664971668
2026-09-02,-16.895357513122654,-9.42875455126957,-0.03924963176250458,0.24726779425144194,0.14586712664971668,31.8,25.1,0.0,13.5,4.62,,28.450000000000003,6.699999999999999,0.14991389075685915,0.15859972730044458,0.1779931966979752,-0.00404676410714247,1.8000000000000003,3.699999999999993,14.040000000000001,34.92,7.466602961853084,-0.8786374941610001,-0.4774894280028391,0.15386258013783194
2026-09-03,-16.964586087296798,-9.466503542182902,-0.03924963176250458,0.24726779425144194,0.15386258013783194,31.2,24.4,0.1,13.0,4.48,,27.799999999999997,6.800000000000001,0.14586712664971668,0.15430591611399405,0.17381391347215683,0.007995453488115256,0.8000000000000002,3.199999999999993,13.640000000000002,34.25,7.4980825451138955,-0.886721063082993,-0.46230483047981086,0.150667055546028
2026-09-11,-16.716323796357326,-9.159353898524147,-0.0210410613017004,0.3363041464422569,0.15423024678220257,33.9,25.1,0.0,11.3,5.38,,29.5,8.799999999999997,0.14153880252069875,0.1526972412145646,0.150667055546028,0.012691444261503815,0.20000000000000023,0.29999999999999294,15.720000000000002,34.480000000000004,7.556969897833179,-0.9417589340994617,-0.33628873017668287,0.16464142587784786
2026-09-12,-16.716323796357326,-9.159353898524147,-0.0210410613017004,0.3363041464422569,0.16464142587784786,34.3,26.7,2.2,15.8,4.0,,30.5,7.599999999999998,0.15423024678220257,0.14645508737018015,0.14928318650388822,0.01041117909564529,2.3000000000000003,2.499999999999993,14.540000000000003,33.2,7.556969897833179,-0.9474042892438845,-0.32003923622313857,0.24088544288885594
2026-09-13,-16.716323796357326,-9.159353898524147,-0.0016908893331152495,0.272406892112044,0.24088544288885594,33.3,25.4,5.4,11.2,3.81,,29.349999999999998,7.899999999999999,0.16464142587784786,0.14153880252069875,0.15406673083010491,0.07624401701100808,7.6000000000000005,7.899999999999993,13.190000000000001,32.67,7.556969897833179,-0.9527692922168511,-0.30369503751065885,0.32491431377387864
2026-09-14,-16.784333525754246,-9.394074986444936,-0.0016908893331152495,0.272406892112044,0.32491431377387864,27.8,24.8,35.3,10.2,1.29,,26.3,3.0,0.24088544288885594,0.15423024678220257,0.1530254418481155,0.0840288708850227,42.9,43.19999999999999,9.100000000000001,29.61,7.390258539309309,-0.9578523554276669,-0.28726097055059635,0.28751668057753926
2026-09-15,-16.78656011167672,-9.400431461495707,-0.0016908893331152495,0.272406892112044,0.28751668057753926,31.3,24.7,1.2,17.1,3.74,,28.0,6.600000000000001,0.32491431377387864,0.16464142587784786,0.1526972412145646,-0.037397633196339375,41.9,44.29999999999999,8.840000000000002,28.56,7.386128650181014,-0.9626519747161487,-0.2707418984477642,0.2649046416230973
2026-09-16,-16.78656011167672,-9.400431461495707,-0.002721512375674286,0.3475502505654194,0.2649046416230973,31.7,25.0,2.1,12.7,4.27,,28.35,6.699999999999999,0.28751668057753926,0.24088544288885594,0.14645508737018015,-0.02261203895444197,38.599999999999994,46.29999999999998,9.3,27.65,7.386128650181014,-0.9671667297977312,-0.2541427094613622,0.2704470358537493
2026-09-17,-16.78656011167672,-9.400431461495707,-0.002721512375674286,0.3475502505654194,0.2704470358537493,31.2,24.9,7.6,19.3,3.98,,28.049999999999997,6.300000000000001,0.2649046416230973,0.32491431377387864,0.14153880252069875,0.0055423942306520035,10.899999999999999,53.79999999999999,11.990000000000002,26.47,7.386128650181014,-0.97139528468375,-0.23746831555846842,0.32429525252617103
2026-09-18,-16.090822357561972,-8.76288221135843,-0.002721512375674286,0.3475502505654194,0.32429525252617103,30.4,24.6,57.0,10.2,2.56,,27.5,5.799999999999997,0.2704470358537493,0.28751668057753926,0.15423024678220257,0.053848216672421734,66.7,110.79999999999998,10.810000000000002,23.650000000000002,7.327940146203542,-0.9753363880767837,-0.2207236509605022,0.3021383790389083
2026-09-19,-16.090822357561972,-8.76288221135843,-0.002721512375674286,0.3475502505654194,0.3021383790389083,31.1,22.7,12.2,17.7,3.53,,26.9,8.400000000000002,0.32429525252617103,0.2649046416230973,0.16464142587784786,-0.02215687348726275,76.80000000000001,120.79999999999998,10.070000000000002,23.18,7.327940146203542,-0.9789888737409319,-0.20391367068311472,0.2906880476510632
2026-09-20,-16.090822357561972,-8.76288221135843,-0.002721512375674286,0.3475502505654194,0.2906880476510632,32.9,24.9,2.7,11.6,4.56,,28.9,8.0,0.3021383790389083,0.2704470358537493,0.24088544288885594,-0.01145033138784507,71.9,118.09999999999998,10.65,23.93,7.327940146203542,-0.9823516608469237,-0.18704334906991657,0.26914092290405
2026-09-21,-15.349506140742724,-8.26007519402349,0.015480102213924046,0.3611025376398055,0.26914092290405,33.3,25.5,0.2,7.8,4.75,,29.4,7.799999999999997,0.2906880476510632,0.32429525252617103,0.32491431377387864,-0.021547124747013202,15.1,82.99999999999999,12.84,27.39,7.089430946719235,-0.9854237542919524,-0.17011767832049052,0.2667590369626483
2026-09-22,-15.34950614074272,-8.26007519402349,0.015480102213924046,0.3611025376398055,0.2667590369626483,33.7,26.2,0.0,7.9,4.96,,29.950000000000003,7.5000000000000036,0.26914092290405,0.3021383790389083,0.28751668057753926,-0.002381885941401707,2.9000000000000004,81.8,14.27,28.61,7.089430946719231,-0.9882042449941422,-0.15314166701312007,0.24857450425064373
2026-09-23,-15.055721607260425,-8.046442833115913,0.12355211103582255,0.5651189348762088,0.24857450425064373,35.1,25.8,0.0,12.9,5.5,,30.450000000000003,9.3,0.2667590369626483,0.2906880476510632,0.2649046416230973,-0.01818453271200457,0.2,79.69999999999999,15.21,29.839999999999996,7.009278774144512,-0.9906923101615609,-0.13612033862266704,0.2393292091948366
2026-09-24,-15.055721607260425,-8.046442833115913,0.12355211103582255,0.5651189348762088,0.2393292091948366,35.1,26.7,0.0,13.9,5.85,,30.9,8.400000000000002,0.24857450425064373,0.26914092290405,0.2704470358537493,-0.009245295055807123,0.0,72.1,16.310000000000002,31.71,7.009278774144512,-0.9928872135356962,-0.11905873003404988,0.21723165806066896
